Unnamed: 0,Datetime,Tweet Id,Text,pred
0,2022-03-09 22:50:44+00:00,1501691985719021569,"그래도 좋은 건 추적단 불꽃 박지현 활동가의 정치입문이다. 민주당 2중대 역할하는 여성단체 대표들이 비례받는 관례가 사라지길. 진짜 일 하는 멋진 활동가, 그이에 대한 기대가 크다.",1
1,2022-03-09 21:43:40+00:00,1501675110981246981,"'이제 우리 함께 걸을까요?' 살아온 환경, 살아본 방법, 살아온 시간이 달라도, 우리를 '우리'라고 부를 때 연대는 시작된다고 생각합니다. _ 추적단 불꽃, 『우리가 우리를 우리라고 부를 때』 ",1
2,2022-03-09 20:18:25+00:00,1501653655111749633, 지현님이 죄송할 것은 이무 것도 없습니다.  고생많으셨고 훌륭하게 잘 싸웠습니다.  추적단 불꽃 박지현이란 이름은 이미 역사의 장에 기록되었습니다. 아무도 그 이름을 지우지 못할 것입니다.우리 자신들을 지키기 위한 우리의 싸움도 계속 됩니다. 내일 싸우기 위해 오늘 쉽시다.,1
3,2022-03-09 19:58:15+00:00,1501648580712755200,부족한것 하나 없었습니다. 추적단 불꽃 끝까지 응원하며 무슨 수를 써서라도 지키겠습니다. ,1
4,2022-03-09 19:16:02+00:00,1501637957874290688,한국성폭력상담소를 후원했습니다. 추적단 불꽃과 수신지 작가님도 한국성폭력상담소에 &lt;우리가 우리를 우리라고 부를 때&gt;의 고료를 후원했었어요! ,1
5,2022-03-09 19:00:06+00:00,1501633947125821441,2년 전에 추적단 불꽃 인터뷰집 읽은 게 엊그제 같은데 지현님 얼굴 드러내신 것도 너무 놀라웠고 근데… 2번이 당선됐어,1
6,2022-03-09 18:51:46+00:00,1501631848035717122,오늘은 추적단 불꽃의 책을 읽으며 학교에 갈 건데 가는 길에 어떤 눈초리를 받을지는 모르겟어 나 진짜 내가 이 시간까지 잠 이루지 못한 게 억울하진 않아 이게 어른의 무게인가 싶네 ..,0
7,2022-03-09 18:48:10+00:00,1501630942431301638,의도한 것은 아니었는데 공교롭게도 오늘같은 날 읽게 되었다. 추적단 불꽃을 구성하는 '불'과 '단'의 개인사와 페미니스트로서의 정체화 과정이 낱낱이 담겨 있다. 박지현이 보여주고 있는 용감한 행보를 믿을 수 없을 만큼.. 평범한 20대 여성 그 자체다. 반드시 어디선가는 들어봤을 이야기.,0
8,2022-03-09 18:33:12+00:00,1501627178399973377,옥수동 누나 김부선과 n번방 추적단 불꽃 박지현#대선,1
9,2022-03-09 17:49:42+00:00,1501616228938715137,"한 마디만 하자. 이재명이 선거 초반 여혐 범죄자들의 소굴 팸코와 디씨를 기웃거리는 등 정신나간 짓을 했잖아? 선거 막판 추적단 불꽃의 박지현 활동가와 2030 여성들의 적극적인 지지가 아니었다면, 이번 대선은 이재명이 대패했을 선거였다. 그나마 0.9% 차이로 선방한걸로 고마워 해야할 것.",0
10,2022-03-09 17:49:24+00:00,1501616153227001856,어떻게추적단불꽃박지현님이얼굴을드러내면서까지민주당을가셨는데윤석열지지여성이가능함?그리고남자들좀없애야겟음너무많다,1
11,2022-03-09 17:23:43+00:00,1501609689661861889,한가지 희망이 있다면 여자들도 결집하면 장난 아니라는거 그거 하나다 그거 하나랑 박지현 불꽃 추적단 한 명이다,1
12,2022-03-09 17:17:03+00:00,1501608012259426305, 윤만 아니면도ㅔ&lt;&lt;&lt;&lt;라는 일심동ㅊ ㅔ입니다... 거기디.7일날 이 쪽에서 추적단 불꽃의 활동가 박지현님을 영입한게 커다란 힘이 되었습니다 이재명을 믿지않지만 박지현님이 믿는 이재명을 믿는 여성이 많아졌달까요...,1
13,2022-03-09 16:23:57+00:00,1501594652062797826,집에서 불꽃추적단 책 가져와야지,1
14,2022-03-09 16:22:50+00:00,1501594370474393600,‘반사 효과’를 누린 것으로 보인다. ‘엔 (N)번방 추적단 불꽃’ 활동가였던 박지현씨의 민주당 선거대책위원회 합류와 선거 후반부 이 후보가 여성 유권자들을 향해 연일 지지를 호소한 것도 표심 몰이에 영향을 끼친 것으로 해석된다.',1
15,2022-03-09 16:05:15+00:00,1501589943436546050,이재명이 윤석열 이기면1번이 이기고말고를 떠나서박지현이 이준석 이기는 거라고추적단 불꽃이 신남성연대 이기는 거라고둘이 나란히 놓는 게 말도 안되지만 이게 현실이라고 ㅈㅂ,1
16,2022-03-09 16:04:16+00:00,1501589696949882882,아진짜 추적단 불꽃 생각해서라도 제발,1
17,2022-03-09 15:16:31+00:00,1501577679744946176, 네 - - 기름(?)준스기에다가 (추적단)불꽃을 부어서.. 만주당 막판 커뮤 밭갈이? 가 잘 통했나봅니다. 표에 이용만 하고... 팽 할거면서..,0
18,2022-03-09 14:47:45+00:00,1501570440686612480,"이 후보로의 '결집'이 일어난 것에 대해 권 대표는 ""이재명 후보가 선거 막판 '추적단 불꽃' 출신 박지현씨를 전면에 내세우면서 계속 여성의 표를 얻기 위해 노력했던 게 효과를 본 것 같다""면서 ",0
19,2022-03-09 14:07:20+00:00,1501560267716513801,1뽑은 이유..1. 추적단 불꽃 박지현 선생님 연설...2. &lt;피의 연대기&gt;를 보는데 깔창 생리대 기사 나고 공론화 된 후 성남시가 제일 먼저 저소득층 청소년 여성들에게 생리용품 지급 시작함... (당시 이재명이 성남시 시장)3. 이준석이랑 윤석열만큼은 진짜 막고 싶었음.. ,0
20,2022-03-09 14:07:08+00:00,1501560220866453504,제발 추적단 불꽃이 승리하는 선거가 되길.,1
21,2022-03-09 13:51:13+00:00,1501556214999957505,"이번 선거의 결과에 상관없이, 가장 중요한 점은 이것이구나! 다음 대선뿐만 아니라, 지선, 등 모든 선거에서, 이제는 더이상, ‼️여성을 지울 수 없다!!‼️ 사족: 여기에 두 인물이 있다! 근데, 전혀 다른 측면으로, ㅇㅈㅅ과 불꽃추적단 박지현님.",0
22,2022-03-09 13:48:23+00:00,1501555500374446080,  n번방의 실체를 폭로한'추적단 불꽃'의 기자!^^~♡♡♡♡♡,1
23,2022-03-09 13:47:00+00:00,1501555150754021378,나도 마지막까지 소신투표할지 말지 고민했었음. 그래도 추적단 불꽃에 진 빚이 있었기에 내 신념 꺾고 이재명 찍었는데 진짜 민주당은 알아야한다.니네 이뻐서 찍은거 절대 아님.,1
24,2022-03-09 13:38:56+00:00,1501553121943703553,"박영선이 말한게 맞지. 인정하긴 싫지만. 민주당은 추적단 불꽃의 박지현을, 국힘은 김부선을 마지막 유세 지원자로 썼다. 거기서 클래스의 차이가.",0
25,2022-03-09 13:38:07+00:00,1501552917740138497,"박영선도 방금 .... 어제 오프 유세에서 국민의힘에선 김부선씨가 나오고 민주당에선 불꽃추적단 박지현씨가 나와서, 이 상징적인 마지막 유세에서 국민의힘은 네거티브를 하고 박지현씨는 여성들에게 살기위한 호소를 한게 20대 여성에게 큰 영향을 미치지 않았을까 생각한다고",1
26,2022-03-09 13:34:37+00:00,1501552035811848192,"2030 여성들, ""쏘리 재명! 그동안 미안했다!"" 추적단 불꽃 박지현 활동가 본인 등장!!  - ",0
27,2022-03-09 13:28:46+00:00,1501550561791193088,대장동이나 통화내용은 진작 해명이 있었어서 아글쿤하고있었지만 나도 이재명 모종의 이유로 음 좋지는 않군 쪽이었는데 불꽃추적단 박지현이랑 꽤 오래된 인연이었다는 거 알았을 때 살짝 인식 바뀜..,0
28,2022-03-09 13:09:37+00:00,1501545744175550465,경상도걸 힘내봤습니다 사실 다른 사람 뽑고 싶었는데 이번남들 방어에 보탰습니다... 근데 추적단 불꽃 박지현님 아니었으면 솔직히 그래도 안 뽑았을듯... 박지현님께 잘해....... 내 표는 박지현님한테 간거야........,1
29,2022-03-09 12:33:48+00:00,1501536730977304576, 불꽃추적단의 진심을 봤어요.,1
30,2022-03-09 12:12:48+00:00,1501531444627214342,ㄹㅇ 추적단 불꽃 합류 아녔으면 소신투표하고 집팔아서 해외로 이민준비 했어 벌써,0
31,2022-03-09 12:10:46+00:00,1501530932725297152,동생새끼 엄마한테 세뇌당해서 2번 뽑을고라고 해서 나랑 설전을 벌였는데 존나 한심한 자료들만 띡띡 링크로 긁어와서 내가 그렇게 한가한 사람으로 보이냐고하면서 존나 혼냈는데 진짜 내가 살면서 촛불 시위 강남역사건시위 불법촬영시위 불꽃 추적단에서 한 엔번방 시위까지 다 다녔는데 어떻게,0
32,2022-03-09 12:09:53+00:00,1501530710183583747,불꽃추적단에 박원순 안희정 오거돈은 빠졌나봐? 뭘 근거로?,1
33,2022-03-09 12:05:26+00:00,1501529594205138948,유세 마지막에 불꽃추적단 박지현씨를 전면에 내세운 것이 젊은 여성층 지지를 끌어냈다고 분석함.,0
34,2022-03-09 11:59:15+00:00,1501528035501445122,윤 뽑겟다는 친구한테 윤은 여성에 대한 구조적 차별이 없다고 말햇다 윤뒤에는 이***이 있지만 이 뒤에는 박지현 있다고 말하니까 박지현이 누구냐고 물어보고 불꽃추적단이라고 말했는데도 반응 미적지근한거 보고.. 아 얘랑 나랑은 다르구나 싶엇음..ㅋㅋ,0
35,2022-03-09 11:53:40+00:00,1501526629993959424,유시민이 불꽃추적단 언급하는 KBS,1
36,2022-03-09 11:44:02+00:00,1501524206139285506,우리가 우리를 우리라고 부를때를 읽어서 그런지.. 추적단불꽃으로서 활동을 하고있는와중에 정치판에 들어가서 여성들을 위해 활동해야겠다고 생각하셨다는게 너무 대단하고 멋있음..ㅜㅜ,1
37,2022-03-09 11:42:12+00:00,1501523746875916290, N번방사건을 밝혀내주신'추적단 불꽃' 활동가 출신인박지현 디지털성범죄 특별위원장막판에 이재명후보님 지지선언과 유세에 지원사격해주셨습니다.,1
38,2022-03-09 11:41:38+00:00,1501523603434606593,박지현을 지킬 수 있는 투표 결과가 나오기를.... 이 땅의 수많은 박지현들을 응원합니다.  추적단 불꽃 사랑합니다💙 존경합니다💙,1
39,2022-03-09 11:40:26+00:00,1501523299423371264,  '추적단 불꽃' 활동가 출신인 박지현 디지털성범죄 특별위원장N번방사건 밝혀주신분이라네요.,1
40,2022-03-09 11:28:40+00:00,1501520337976328192, 지지하는거 이재명이 좋아 미치겠어서 지지하는거 절대 아님추적단 불꽃 박지현님 하나 보고 가는거고이준석 정치인생 끝내는거 보고싶어서…. 진짜 이준석 정치생명 끝장나는거 보고싶음 정말 재기하면 더 좋고이준석이 죽었으면 좋겠음 그냥,1
41,2022-03-09 09:50:23+00:00,1501495604140122113,다들 사 두고 읽지 않는 책이 있을 테지만 추적단 불꽃의 《우리가 우리를 우리라고 부를 때》는 읽지 못하는 이유가 다른 책과는 다를 것 같다. 1부와 3부는 건너뛰고 에필로그와 2부를 조금씩 읽기 시작했다. 2부는 스스로를 계속 객관적으로 바라보려고 하는 불과 단의 에세이. ,1
42,2022-03-09 09:34:15+00:00,1501491545597693956,"'추적단 불꽃'을 응원하려 2년전 구입한 책. 적어도 대한민국에 사는 여성이라면, 딸을 가진 부모라면, 여자 형제있는 사람이라면 이들에게 빚을 지고 있다. 용감하게 얼굴을 드러낸 박지현님. 꼭 파란색이 승리하길 빌어봅니다. ",1
43,2022-03-09 09:13:16+00:00,1501486265967218688,3번으로 갈 여성주의 표를 추적단 불꽃님으로 끌어온 다음에 1번남 2번남 프레임으로 반페미 남초쪽을 수습한건가? ,0
44,2022-03-09 08:56:51+00:00,1501482131834368002,나는... 불꽃추적단만 믿어ㅠㅠㅠㅠㅠㅠㅠㅠㅠㅠㅠㅠㅠ,1
45,2022-03-09 08:36:33+00:00,1501477026796310528,"2030 매료시킨 '추적단 불꽃' 박지현 ""간절 재명! 절박 재명!"" [빨간아재]  출처 ",0
46,2022-03-09 08:30:45+00:00,1501475563277533185, 크라잉재명...........진짜 추적단 불꽃단 믿고....니한테 표 주는기야...ㅠㅠ,0
47,2022-03-09 07:39:28+00:00,1501462660595912706,"추적단불꽃 박지현 운동가.""2030 여성분들의 지지가 '여성혐오' 이준석의 말이 틀렸다는 것을 보여줄 것입니다.최선을 선택해 주세요."" ",0
48,2022-03-09 07:35:08+00:00,1501461566906335233, 수정박지현. 추적단불꽃.,1
49,2022-03-09 06:00:02+00:00,1501437635025268736,"추적단불꽃의 박지현활동가, 방송인 노정렬, 유정주 국회의원과 함께하는 라스트라이브쇼!투표일찍하시고 편하게 들려주세요~^^",1
50,2022-03-09 05:15:59+00:00,1501426549773332480,:사람ㅇㅣ 추적단불꽃지지하다 2번녀가될수있는거임?,1
51,2022-03-09 05:07:05+00:00,1501424310690324480,"허재현님'추적단 불꽃'의 박지현씨가 이재명 지지를 호소하고 있습니다.지금도 진보의 미래를 위해, 젠더 중립 사회를 위해 정의당에 투표할까 말까 고민하시는 분은 박지현씨를 보고 마음을 ",1
52,2022-03-09 04:55:43+00:00,1501421451705942017,여러분!!!!!!결전의 날입니다!!!!!!!!!!윤석열만안되게합시다!!!!!!!!!!!! 아직까지도 갈등하고있는 여러분!!!!!!!!!!!! 다음대통령 추미애와 추적단불꽃을 보시고 이재명에게 한표주시는건 어떨까요!!!!!그리고 소신투표하신모든분들!!!!!저희는 여러분들께 빚을졌습니다!!!!!은혜잊지않겠습니다!!!!!,1
53,2022-03-09 03:40:20+00:00,1501402478817918982,진짜 박지현 때문에 뽑았음.. 추적단 불꽃 행적에 대해 쓴 책 &lt;우리가 우리를 우리라고 부를때&gt; 읽을 때 상상 이상으로 경찰이랑 공조해서 n번방 가해자 잡았더라고그냥 하루종일 텔레그램 방 보다가 어떤 가해자가 스타벅스 사진 올렸는데 그거 보고 장소 추적+며칠 전에 군대 제대했다는 말 보고,1
54,2022-03-09 03:33:30+00:00,1501400757970808834,투표했다추적단불꽃에 언제나 빚을 지고 있다고 생각한다. 한 명의 피해자라도 더 막기위해 살리기위해 노력했던 두 분의 의지와 행동에 빚지고 있다고 생각한다. ,0
55,2022-03-09 03:19:44+00:00,1501397293999996929,투표하고 엄마집 간다내 가방에 항상 달려있는 거세월호 노란리본 추적단불꽃의 뱃지ㅇㅂㅈㅎ님 ㅎㅎ ,1
56,2022-03-09 03:12:49+00:00,1501395556765036548,"2030 매료시킨 '추적단 불꽃' 박지현 ""간절 재명! 절박 재명!"" [빨간아재]  - ",0
57,2022-03-09 03:08:20+00:00,1501394428031815683, 박지현씨는 N번방을 알린 추적단 불꽃중 한분인 '불' 이십니다,1
58,2022-03-09 02:32:50+00:00,1501385490888466433," 자, 말 나온 김에: 추적단 불꽃의 박지현 선대위에게 이런 질문을 던지고 싶다. 만약 이재명이 대선에 승리한 뒤, 이재명이 박지현에게 ""내 아들과 결혼해 주겠어요?""라고 묻는다면? 그는 어떤 반응을 보일까? 쾌히 승낙하게 될까? ",1
59,2022-03-09 02:32:26+00:00,1501385390367772672,"자, 말 나온 김에: 추적단 불꽃의 박지현 선대위에게 이런 질문을 던지고 싶다. 만약 이재명이 대선에 승리한 뒤, 이재명이 박지현에게 ""내 아들과 결혼해 주겠어요?""라고 묻는다면? 그는 어떤 반응을 보일까? 쾌히 승낙하게 될까?",1
60,2022-03-09 01:36:36+00:00,1501371342880329730,"#CreatorsforChange #추적단불꽃 #박지현2030 매료시킨 '추적단 불꽃' 박지현 ""간절 재명! 절박 재명!"" [빨간아재]",1
61,2022-03-09 01:30:25+00:00,1501369784528629765,"추적단 불꽃 활동가로 성범죄 피해자들의 목소릴 더 낼 수 있는 곳이 이재명 캠프라는 말에서 더 이상 진정성을 믿지 않기로 했다이재명같은 가해자의 편에선 것과 성폭행, 성추행으로 물의를 빚은 민주당을 지지한다는 것민주당 인사들의 베트남 성접대에대해 입장을 밝히지도 않는점#박지현 ",0
62,2022-03-09 01:17:41+00:00,1501366581057581060,"1번 이재명 뽑아주세요~~ 이명박근혜 지내본 이로서 ㅈ같은 대통령은 안되고 현실적으로 당선 가능성 있고 유능하고 진보적인 대통령 뽑아야 합니다~ 보수는 복지 다 삭감만 해서 이, 이것도 삭감 한다고?? 이렇게 됩니다...제발 이재명 1번 뽑고 추미애, 권인숙, 추적단불꽃 박지현위원을 믿어주세요 ",1
63,2022-03-09 01:16:08+00:00,1501366190446297092,"2030 여성들, ""쏘리 재명! 그동안 미안했다!"" 추적단 불꽃 박지현 활동가 본인 등장!!  출처 ",0
64,2022-03-09 01:08:10+00:00,1501364185862651904,  불꽃 추적단이래요,1
65,2022-03-09 01:01:34+00:00,1501362525794799620,"2030 여성들, ""쏘리 재명! 그동안 미안했다!"" 추적단 불꽃 박지현 활동가 본인 등장!!  출처  1111111111",0
66,2022-03-09 00:44:30+00:00,1501358227908227073,"2030 매료시킨 '추적단 불꽃' 박지현 ""간절 재명! 절박 재명!"" [빨간아재]  ",0
67,2022-03-09 00:00:54+00:00,1501347256338812932,"[빨간아재] 2030 매료시킨 '추적단 불꽃' 박지현 ""간절 재명! 절박 재명!"" 오늘 🦷 뽑아 박지현 지킵시다!!  -  ",1
68,2022-03-08 23:46:23+00:00,1501343602378633216,"이대녀와 페미니스트들은 피해호소인 사태를 겪고 더 이상 집토끼가 아니다 존중하고 포섭,설득해야 하는 유권자라는 사실 잊지말길 더민주는 이미 신뢰를 잃었고지금 이재명을 뽑는 이대녀 대다수가  심상정 지지자 였다 🔥추적단 불꽃 박지현🔥의 호소를 보고 돌아서서 뽑고 있다",0
69,2022-03-08 23:33:08+00:00,1501340269433667587,"예전에 모 팟캐스트에 '추적단 불꽃'으로 출연했던 에피소드를 들었던 적이 있는데,그걸 들으며 이런 분들이 정치지도자로 성장할 수 있는 길이 열렸으면 좋겠다는 생각을 했었습니다. 마침 좋은 계기가 생겼으니 꼭 결실이 있기를 간절히 빌어보기로 하죠.",1
70,2022-03-08 22:55:03+00:00,1501330687428894724,"1번 찍으면 박지현 당선, 2번 찍으면 이준석 당선… 추적단 불꽃 박지현씨를 지켜 줍시다.",1
71,2022-03-08 21:52:27+00:00,1501314930389094406,"이재명이추적단불꽃의 박지현과 손잡았다대선 마지막날 밤 피크타임에 젊은여성들 표를 얻고자...""썅년이 닳고 닳은 년이처녀가 애까지 낳은 년이미혼모 주제에너 마약전과 많지 우리관계 떠벌리면동기검사 시켜서 3년동안 구속시키겠다죽여버리겠다""이재명이 김부선에 한 말이다 ",1
72,2022-03-08 20:57:27+00:00,1501301089370398722,"추적단 불꽃의 박지현 활동가 등장! ""쏘리 재명! 그동안 미안했다!""  - ",1
73,2022-03-08 19:43:32+00:00,1501282488722673665,"2030 매료시킨 '추적단 불꽃' 박지현 ""간절 재명! 절박 재명!"" [빨간아재]  출처 ",0
74,2022-03-08 18:56:55+00:00,1501270755484471299,"2030 매료시킨 '추적단 불꽃' 박지현 ""간절 재명! 절박 재명!"" [빨간아재]  - ",0
75,2022-03-08 17:34:15+00:00,1501249954085425155,"친여성적 행보와 ""한쪽의 이야기만 들어선 안 됀다""라는 원칙이 결합해 그를 자랑스럽게 여기게 되었다. 종국엔 추적단 불꽃의 박지현씨가 합류하게 되었거니와 권인숙 의원도 이재명을 긍정적으로 평가하는 페이스북 글을 남김으로써 완전히 성공한 전략이 되었다.",1
76,2022-03-08 17:09:02+00:00,1501243607151378437,2030 매료시킨 '추적단 불꽃' 박지현의 깜짝 연설 [빨간아재]  via  와 천재 이재명 그와중에 별을 보면 1자를 보시네 ㅎㅎㅎㅎㅎㅎㅎ 난 분이다!,1
77,2022-03-08 17:01:51+00:00,1501241799519584261,2030 매료시킨 '추적단 불꽃' 박지현의 깜짝 연설 [빨간아재]  via ,1
78,2022-03-08 16:56:59+00:00,1501240576670265346,2030 매료시킨 '추적단 불꽃' 박지현의 깜짝 연설 [빨간아재]  출처 ,1
79,2022-03-08 16:16:38+00:00,1501230421962817539,긴 고민 끝에 4일 금요일 출근길에 사전 투표했고 나의 표를 추적단의 불꽃에게 보냈다. 어떤 색깔의 불꽃이든 꺼지지 않고 타오르는 불꽃으로 오래 기억되시길...... ,1
80,2022-03-08 15:52:18+00:00,1501224296034701315,"2030 여성들, ""쏘리 재명! 그동안 미안했다!"" 추적단 불꽃 박지현 활동가 본인 등장!!  출처 ",0
81,2022-03-08 15:49:07+00:00,1501223494876467205,"........... 불꽃 추적단이 나서서 1번 찍어달라,, 그리 부탁하는데 눈가리고 아웅하는 새끼들이 너무 많아서 죽고싶음",0
82,2022-03-08 15:23:49+00:00,1501217128195964929,얼마 전만 해도 추적단 불꽃의 박지현 씨가 유력 대선후보의 마지막 선거 유세 현장에서 마이크를 잡게 될 줄은 몰랐지. 공허한 외침이 되게 할 순 없지 않나 싶다.,1
83,2022-03-08 15:11:29+00:00,1501214023664422920, ㅇㅇㅇ... 저도 너무 그랬는데 ㅠㅠㅠ 추적단 불꽃 믿고 찍었슴다 ㅠㅠㅠ,1
84,2022-03-08 15:02:01+00:00,1501211641387810818,여러분 저 추적단불꽃 박지현 님이랑 사진 찍었어요ㅠㅜㅠㅠㅜㅜㅠㅜㅠㅠㅠ🌹🥖,1
85,2022-03-08 12:55:34+00:00,1501179819609841664,저도 민주당맨들한테 개빡쳐서 걍 소신투표하려다가 불꽃추적단 박지현님이랑 변영주 감독님 영상보고 걍 새벽부터 일찍 사전투표 하고 왔고 정의당에는 후원금 보냈습니다 제가 연락할 수 있는 사람들한테는 전부 저새끼는 안된다 투표독려 했는데 제발🙏 진짜 윤은 안된다 ㅠㅠ ,1
86,2022-03-08 10:17:26+00:00,1501140026687909889,"전 불꽃 추적단 박지현님의 최선을 믿고, 이재명을 찍었습니다. 더 좋은 후보, 더 내 좌표에 가까운 후보를 찾을 수 있다면 좋겠지만 일단 2022년 3월, 이곳에서 제가 할 수 있는 최선은 이것이니까요. 여러분 모두의 최선을 기대합니다.",1
87,2022-03-08 07:16:19+00:00,1501094444179009536,이거 내 마음이랑 정말 비슷하다 정확히는 불꽃추적단 이지현님 영입한 이후부터 완전 내맘이랑 똑같아ㅠㅠ,1
88,2022-03-08 06:57:01+00:00,1501089586834927616,"추적단불꽃 ""단""이라니.그럼 이 팀은 추 적 단 불 꽃 5인이라는 말인가? 우와!! 사실이라면 속말로 정말 기깔난다. 세상이 헛되진 않았구나. ",0
89,2022-03-08 06:49:58+00:00,1501087816083972097," 추적단불꽃(), 리셋(), 엔드(), 텔레그램성착취공동대책위원회(), 디소() 등 디지털 성착취, 성폭력을 근절하기 위해 만났던 마녀들이 떠오릅니다. 부디 다들 무탈하고 행복하시길. #세계여성의날 #마녀들의시선 #WWW #국제앰네스티",1
90,2022-03-08 06:32:45+00:00,1501083482982076416,"또한 N번방을 조사한 추적단불꽃을 이끌어주시는 분께서도 1번후보와 함께 목소리 내고 있습니다. 제발 부탁드려요..싫으셔도 괜찮지만 2번 후보만큼은 당선을 막고 싶습니다. 2번 후보의 발언 중 '광주 민주화 운동'을 폄화한 발언과 현재 미혼모, 한가정부모 등 저소득층 가족을 돕는 국가부서인",1
91,2022-03-08 04:15:58+00:00,1501049060194938881,"추적단불꽃 단입니다.3월 8일 여성의 날을 맞아, 새로운 글을 들고 인사드릴 수 있어 감사합니다.🤗국제앰네스티 한국지부()의 2022년 세계 여성의 날 #WWW캠페인 에 참여했습니다.불꽃과 함께 '마녀'가 되어, 디지털 성범죄가 근절될 수 있도록 여러분의 시선을 더해주세요.💪 ",1
92,2022-03-08 04:03:52+00:00,1501046013460885507,2030 여성 여러분들의 손에 대한민국의 미래가 달렸습니다. n번방 사건을 세상에 알린 불꽃 추적단 박지현 위원장의 진심어린 호소를 봐주세요. 혐오를 넘어 생존을 위해 이재명을 지지합니다! [박지현 위원장]  - ,0
93,2022-03-08 02:42:08+00:00,1501025444707340292,"이게 정말 현실에서 일어나는 일인가……? 지금 우리나라에서, 우리와 같은 시대에 살고 있는 이들이 벌이는 짓인가……? 혼란스러웠다. 도무지 믿기지 않았고, 믿고 싶지도 않았다.-알라딘 eBook &lt;우리가 우리를 우리라고 부를 때 : N번방 추적기와 우리의 이야기&gt; (추적단 불꽃 지음) 중에서",1
94,2022-03-07 23:54:48+00:00,1500983334398148608,"디지털 성범죄 피해자 원스톱지원센터광역별 설치, 임금공시제위 공약과 함께 n번방을 최초로 밝힌 추적단 불꽃의 활동가를 영입했습니다. 토론에서 페미니즘 악마화에 명백히 반대한다고 밝혔지요. 반면에 다른 후보는 임신출산육아를 하는 여성만을 '여성정책'의 대상이라고 말하고 있고, 여성가족부",1
95,2022-03-07 22:17:54+00:00,1500958947787689985, 이준석에 대한 반감이 많고 불꽃추적단이 이재명에 합류하면서 고민을 하기는 많이 하더라구요 젊어서그런지 전체를 못보고 거기에 매달려 고민하더라는... 울집딸얘기예요 ㅠㅠ,0
96,2022-03-07 16:20:01+00:00,1500868883477331970,추적단 불꽃이 활활 타오르게 하자고.. ,0
97,2022-03-07 14:05:40+00:00,1500835072735576064,"추적단불꽃 박지현 활동가진짜 대단하다.온갖 악플과 협박에 시달릴걸 알면서얼굴을 드러낸다는게 쉽지 않았을텐데..당신의 용기를 존경하며,우리 꼭 이깁시다 라는 당신의 말을 곱씹으며 나도 열심히 뛰겠다.",1
98,2022-03-07 13:05:11+00:00,1500819851639930886,알티 자꾸 왜..덕후는 무서워요박지현님()응원합니다!!추적단불꽃도 응원해요!그럼 이만 뮽,1
99,2022-03-07 09:29:55+00:00,1500765679074836480,'추적단 불꽃'박지현 씨 훌륭한 사람이네,1
100,2022-03-07 04:34:57+00:00,1500691449071173632,"그리고 각각의 발언들“우리의 일상을 안전하게 만들 사람, 디지털 성범죄를 근절할 사람, 약속을 지키는 사람, 이재명 후보라고 생각합니다.”(박지현 추적단불꽃 활동가, 여성위 부위원장)“기회라는 단어가 개인들에게 더 와닿을수 있도록”(취준생)",1
101,2022-03-07 04:34:56+00:00,1500691444813950976,"어수선한 가운데 1인가구, 취준생, 청년노동자, 그리고 추적단불꽃 활동가까지 다양한 이들 발언이 이어졌다. 모두 귀기울여야 하고 바꿔가야 할, 지금의 청년세대가 직면한 이야기들이었다. ",0
102,2022-03-07 03:50:20+00:00,1500680219773980675,추적단불꽃 지금 학교 앞에 있네,1
103,2022-03-07 03:10:10+00:00,1500670111602311170,이재명 후보는 ‘최선’입니다. 우리 꼭 이깁시다! - 추적단 불꽃 박지현 님. #나를위해이재명 #투표 ,1
104,2022-03-07 02:27:50+00:00,1500659458208575491,저 지점에서 많은 여성들이 신뢰를 가지게됐고 추적단 불꽃 박지현이 기폭제가 되었다본다.,0
105,2022-03-06 12:16:40+00:00,1500445253446549505,소신투표하려다가 불꽃추적단 박지현님이 마스크 벗고 나오시고 변영주 감독님이 반보라도 나아가자고해서 1번 찍었는데 그 박지현님이 내일 유세 도신다고 함 정작 저는 지방러라 못가니까 가실 수 있는 분들은 꼭 가주셨으면🙏 ,1
106,2022-03-06 12:10:32+00:00,1500443711968546821,"추적단불꽃 박지현 활동가""지금 우리는 누구를 뽑느냐에 따라 생존의 문제가 달렸습니다. 이번 선거처럼 여성 혐오가 전면으로 드러난 선거는 없었습니다.여러분, 최선을 선택해 주세요. 이재명 후보가 최선입니다."" ",0
107,2022-03-06 10:26:44+00:00,1500417589733781505,이번 선거는 불꽃추적단만 믿고 있음,1
108,2022-03-06 10:07:02+00:00,1500412632129413122,아이코. 중요한걸 놓치다니. 제가 하는게 이 모양입니다.한쪽에는 추적단불꽃 박지현님도 계시고 다른쪽에는 dismiss를 우기다로 번역하는 김은혜씨도 있습니다.,0
109,2022-03-06 09:02:46+00:00,1500396460122451972,트위터에서 '박지현에게 진 빚부터 갚는다'라는 글을 보고 충격을 받았다. '추적단 불꽃'에 부채감을 느끼시는 것 같다. 그런데 '우리'가 아니었어도 어떤 단체라도 당연히 그렇게 했을 거다. 그저 더 많은 우리가 연대해 '우리'가 되면 된다.  ,1
110,2022-03-06 08:04:44+00:00,1500381854020485124,☆대단하신 분이에요. 활동가로서 이재명후보와 열심히 일해 디지털 성범죄 근절해주세요 // 디지털 성범죄 없는 세상에 사전투표해 주세요 by '추적단불꽃' 박지현 ,1
111,2022-03-06 07:40:54+00:00,1500375856954306560,"이재명 페북 03.04&lt;이 절박한 목소리가 들리십니까&gt;대통령 후보의 공약이 그 자체로 어떤 국민들에게는 폭력이 될 수 있고 생존을 위협하는 문제가 될 수도 있습니다. 아니, 이미 되어버렸는지도 모릅니다. 추적단 불꽃, 박지현 활동가님의 가슴 절박한 지지 연설에 저도 마음이 울컥합니다.반 ",0
112,2022-03-06 04:34:40+00:00,1500328987796459523,씨발 진짜 여자표 맡겨놓은 것처럼 구는 거 개짜증나네 내가 남자정치인한테 자아의탁해서 투표했냐? 공약 하나하나 다 찾아봤고요 과거에 어떤 일이 있었는지 날조나 이런 게 있는지 다 봤고요 그리고 난 n번방 추적단 불꽃 박지현님 보고 뽑았다 자꾸 좆같은 소리 그만,0
113,2022-03-06 02:20:10+00:00,1500295142254977025,'N번방' 잡은 '추적단불꽃' 박지현님의 호소  - ,1
114,2022-03-06 02:03:25+00:00,1500290927931592706,"추적단 불꽃 활동도 트라우마 생길만한 일이고, 대의를 가지고 나가고 계신 것 알겠는 마음과 너무 걱정되는 마음이 뒤섞인다ㅠㅠ",1
115,2022-03-05 23:12:45+00:00,1500247975288709121,"대선결과가 좋게 나온다면,처음 추세 반전의 불씨가 된 건 삼프로 tv. 그 불씨를 살려 막판 횃불로 만든 것은 추적단 불꽃의 ""불""이었던 박지현 씨가 될 것이다. 과연 불이 ""꽃""을 피울 수 있을까?언제나 답은 ""오직 모를 뿐""을 지키라던 숭산스님의 유지.",0
116,2022-03-05 13:49:43+00:00,1500106286138294272,"이는 뒤에 추적단 불꽃이라도 있음,, 근데 윤은? 준석이 있음",1
117,2022-03-05 11:01:38+00:00,1500063982954381326,"누구나, 언제나, 어디서나 안전할 권리 - 추적단 불꽃 출신 활동가 박지현 찬조연설  출처 ",0
118,2022-03-05 10:56:06+00:00,1500062593821544449,"누구나, 언제나, 어디서나 안전할 권리 - 추적단 불꽃 출신 활동가 박지현 찬조연설  - ",1
119,2022-03-05 10:18:18+00:00,1500053077671350275,맘을 정한데 추적단 불꽃 박지현 위원장님이 합류한 까닭도 컸다 매번 생존권 간당간당한 위치에서 그새끼만은 안된다는 마음으로 투표하는거 개짜증났는데 대충 불꽃과 진선미 권인숙 의원한테 맡긴다고 생각하니까 차분해짐,1
120,2022-03-05 09:09:41+00:00,1500035809923063811,'N번방' 잡은 '추적단불꽃' 박지현님의 호소#정치_시사_리뷰어,1
121,2022-03-05 08:54:10+00:00,1500031908540940291,타지역사람이라 유세현장에 가지는 못하지만 항상 감사합니다. 추적단 불꽃부터 지금까지 박지현위원장님께 큰 빚과 연대감을 받고 있어요여성주의자들에게 의미가 큰 혜화역에서 하시는 유세 무사히 항상 그렇듯이 멋있게 하시길 바랍니다존경합니다! ,1
122,2022-03-05 06:11:18+00:00,1499990919277608961,아 데이터!!!!! 데이터가 열세라자나요!!! 2.6프로 아직 밀린다자나요!!!!!!!! 박근혜 대통령 되고 내가 십 년 하던 트위터을 한 달을 못 했짜냐! 윤 되면 지금 에센에스 다 못 할 판이라고. 추적단 불꽃 박지현님 어쩌냐고. 이 분이 대한민국 여성 살릴 수 있는 마지막 불씨같은 느낌 나만 드냐고요 ,0
123,2022-03-05 06:08:00+00:00,1499990090202095622,오늘의 내 한표는 추적단 불꽃을 위해서. 박지현을 위해서.,1
124,2022-03-05 05:14:23+00:00,1499976594756358148,얘들아 장혜영 의원님이랑 박지현 추적단 불꽃단 님이 같은 시간에 다른 장소에서 유세한다면 너넨 어디 갈 거임(개고민됨),1
125,2022-03-05 04:36:04+00:00,1499966954777747458,설연휴 직전에 들려온 불꽃 추적단 박지현 님이 위원장으로 합류한다는 소식. 이때 위원장님이 이재명 후보를 신뢰하게 된 이유를 다 찾아봤다. 박지현님이 킹메이커라는 여성들의 목소리에 마음을 굳혔다. 박지현 위원장님을 도와야겠다고. ,1
126,2022-03-05 03:00:02+00:00,1499942787315232769,WWW 3. #마녀들의시선  [국제앰네스티 x 추적단불꽃]타오르는 불꽃으로 디지털 성범죄 피해자의 곁을 지키는 추적단불꽃 WWW캠페인에 시선을 보태주셨습니다. 피해자가 일상을 되찾기 위해 정말 필요한 것은 무엇일까요?🔥기고글 전문을 읽고 공유해보세요! ,1
127,2022-03-05 02:07:05+00:00,1499929459411271680,그러고보니 N번방도 제대로 해결 안 해놓고 추적단 불꽃 박지현 님의 지지를 받는다니 진짜 뻔뻔하기 그지 없는 민주당. ,1
128,2022-03-05 00:06:34+00:00,1499899130231259137,"‘추적단 불꽃’ 이재명 찬조연설“수많은 여성 지키기 위해 선택”  윤·안 단일화 하루 만에…터져 나오는 불협화음간철수가 10년 간 했던 행보 창당, 탈당, 분당, 탈당 또 창당 또 합당 이런 거 밖에 없었다""  ""그동안 뱉어놓은 새정치니 뭐니 하는 게 내용도 없는 허황된 아주 안철수만을위한 독재정당",1
129,2022-03-04 22:37:58+00:00,1499876833566740481,"‘추적단 불꽃’ 이재명 찬조연설“수많은 여성 지키기 위해 선택”..“대놓고 여성 혐오 후보 있어” 윤석열 겨냥“이, 빠른 결단력과 추진력으로 상황 해결”",1
130,2022-03-04 19:45:58+00:00,1499833551075753984,"‘추적단 불꽃’ 이재명 찬조연설…“수많은 여성 지키기 위해 선택”“대놓고 여성 혐오 후보 있어” 윤석열 겨냥“이, 빠른 결단력과 추진력으로 상황 해결”",1
131,2022-03-04 18:37:45+00:00,1499816382292459520,이재명/민주당이 싫어서 표를 안주고 싶어요 -&gt; 이해합니다. 하지만 인물이나 당을 보지 말고 그 후보 주변의 가치들을 보고 투표해 주세요. 1번은 추적단불꽃의 박지현 씨가 선대위에서 뛰고 있습니다. N번방 사건이 수면 위로 올라올 수 있도록 힘쓴 분들의 노력에 가치를 주고 표를 주세요.,1
132,2022-03-04 16:20:54+00:00,1499781944812666880,"누구나, 언제나, 어디서나 안전할 권리 - 추적단 불꽃 출신 활동가 박지현 찬조연설 ",1
133,2022-03-04 15:06:26+00:00,1499763201554087943,우리가 우리를 우리라고 부를 때 추적단 불꽃이 쓴 책을 꼬옥.. 읽어보셔요 자기야,1
134,2022-03-04 14:44:22+00:00,1499757650912894979,"누구나, 언제나, 어디서나 안전할 권리 - 추적단 불꽃 출신 활동가 박지현 찬조연설",1
135,2022-03-04 14:28:37+00:00,1499753685903360000,'박 부위원장은 ‘추적단 불꽃’ 활동 당시 이재명 경기지사를 만나 디지털 성범죄의 심각성을 알린 뒤 반년 만에 전국 광역시도 최초로 경기도에 디지털성범죄 피해자원스톱지원센터가 만들어진 사연을 소개했다.',1
136,2022-03-04 14:03:04+00:00,1499747257335566337,추적단 불꽃의 지지는 어떻게 보면 보증같은 거라고도 생각함... 예전에 익명활동할 때 인터뷰 한 적이 있는데 그들의 진정성은 여지가 없다.,0
137,2022-03-04 14:01:59+00:00,1499746984026329088,‘추적단 불꽃’ 이재명 찬조연설…“수많은 여성 지키기 위해 선택” ,1
138,2022-03-04 14:01:00+00:00,1499746736033898500," 박지현씨, 추적단 불꽃을 알고 있습니다. 그러나, 당신이 모르는 일이 있는 듯 합니다. 제 트위터 꼭 한번 와서 봐주시길 바랍니다. 당신의 순수한 열정을 응원합니다만, 당신이 알지 못하는 어떤 사실로 인해 당신이 속해 있는 곳에서 일하는 당신의 열정이 농락당하는 일이 될 수도 있습니다.",1
139,2022-03-04 13:54:12+00:00,1499745024288104450," 박지현씨, 추적단 불꽃을 알고 있습니다. 그러나, 당신이 모르는 일이 있는 듯 합니다. 제 트위터 꼭 한번 와서 봐주시길 바랍니다. 순수한 열정을 응원합니다. 당신이 알지 못하는 어떤 사실로 인해 당신이 속해 있는 곳에서 일하는 당신의 순수한 열정이 농락당하는 일이 될 수도 있습니다.",1
140,2022-03-04 13:41:54+00:00,1499741930275872776,어떻게 추적단 불꽃이 이재명을 지지할 수 있는거죠? 모녀를 37번 칼로 찔러 죽인 조카 심신미약으로 변호해서 유가족들 두 번 죽이고 대선후보가 되어서야 사과한 거 알고 지지하시는거에요? ,1
141,2022-03-04 13:15:31+00:00,1499735288922341377,‘추적단 불꽃’ #이재명 찬조연설…“수많은 여성 지키기 위해 선택” (출처 : 한겨레 | 네이버 뉴스) ,1
142,2022-03-04 13:12:36+00:00,1499734554676174852, 나도 좋은건 아닌데 누군가를 꼭 떨어트리려니 위로 올려야할사람이 그사람뿐이고 그래도 뭐라도 하겠다고 선대위에 불꽃추적단 박지현님이 뒤에서 버티신대서,1
143,2022-03-04 12:41:00+00:00,1499726604339388419,"이재명이 싫다면 다른 이유를 만들어서 표를 주자. 내 친구는 추적단 불꽃에게 표를 준다는 마음으로 투표를 하고 나는 문재인을 위해, 이낙연을 위해 표를 준다. 이재명에게 표를 준다거나 민주당에게 표를 준다고 생각하면 투표하기 싫을 수 있다. 그러면 다른 대상에게 표를 준다고 생각하자.",0
144,2022-03-04 12:26:23+00:00,1499722924621975554,‘추적단 불꽃’ 이재명 찬조연설…“수많은 여성 지키기 위해 선택” (출처 : 한겨레 | 네이버 뉴스) ,1
145,2022-03-04 11:46:43+00:00,1499712941977120772,지켜주지는 않아도 되니까 찢지만 마라‘추적단 불꽃’ 이재명 찬조연설…“수많은 여성 지키기 위해 선택” (출처 : 한겨레 | 네이버 뉴스) ,1
146,2022-03-04 11:14:45+00:00,1499704898140532737,진짜 이재명 킹메이커가 불꽃추적단이다? 아님 ㅋㅋㅋㅋㅋㅋㅋ 이재명 킹메이커는 이준석임 ㅋㅋㅋㅋㅋㅋㅋㅋ,1
147,2022-03-04 10:54:25+00:00,1499699781030998016,○대단하신 분이에요. 활동가로서 이재명후보와 열심히 일해 디지털 성범죄 근절해주세요 // 디지털 성범죄 없는 세상에 사전투표해 주세요 by '추적단불꽃' 박지현 ,1
148,2022-03-04 10:42:41+00:00,1499696829658660866,"나는 소울드레서 이하 '소드'를 정말 용서할 수 없는것이 '추적단 불꽃'을 여성팔이로 몰아간것이다. 심지어 소드내에서 민주당 선대위로 들어간 박지현씨에게 ""네 다음 보확찢"" 이라는 댓글을 봤을때의 송연함. 잊을 수가 없고, 용서가 안된다. #소드 #소울드레서",0
149,2022-03-04 10:33:08+00:00,1499694423508066308,JTBC서 불꽃추적단 박지현 위원장 나와 이재명 지지연설하네.. 어제도 이 분 지지하는 마음으로 종각 유세에 나갔는데 윤무당이 정권 잡으면 극우한남들 타겟이 될 이 분의 안위가 심히 걱정된다. 더불어 졸지에 2등시민으로 전락할 나 포함 이 땅의 여성들의 운명은 어쩔..,0
150,2022-03-04 10:25:38+00:00,1499692537660919808,"추적단 불꽃님, 큰 용기를 내주셨습니다.미음 깊이 감사드리고 응원합니다. 함께 하겠습니다.",1
151,2022-03-04 10:24:42+00:00,1499692300594679809,불꽃추적단-&gt;추적단불꽃,1
152,2022-03-04 10:20:54+00:00,1499691344637628417,추적단 불꽃과 박지현씨를 지지하고 연대합니다. ,1
153,2022-03-04 10:11:37+00:00,1499689010855170056,추적단 불꽃 박지현 부위원장 방송연설 중 (JTBC)#이재명 #기호1번 ,1
154,2022-03-04 10:04:02+00:00,1499687100589154304,나 트위터 사전투표 보면 진짜 1번 찍어야 하나 싶기도해... 추적단 불꽃 VS 신남성연대라고 생각하면...,1
155,2022-03-04 09:44:24+00:00,1499682161640673280,추적단 불꽃을 위해서라도 투표는 무조건 하러 갈 겁니다. 얼굴 공개까지 하신 이상 이번 대선은 누가 되냐에 따라서 그 분들의 실제 목숨이 걸린 일이기도 하니까요.,1
156,2022-03-04 09:37:39+00:00,1499680462440046596, 아닠ㅋㅋㅋㅋㅋ 실화에요? 윤착즙댓 아니면 거의 바로 탈퇴시키던데 어딜가나 한가한 사람들이 인터넷에서 ㅠ목소리만 큰건가봐요 진짜 박지현님 운운하는거 저도 너무 싫어요 자기들은 효능감에 미쳐서 윤 뽑는 주제에 어떻게 추적단불꽃이 여성 팔아먹는거라고 까는지 후 ㅠ빨리 10일되면 좋겠어요,1
157,2022-03-04 09:37:28+00:00,1499680417712328706,"추적단 불꽃의 박지현 님의 유세를 봤습니다. 사전투표가 하루 남고, 본 투표가 남은 시점입니다. 혐오를 넘어 생존을 위해 투표합니다. #여성이_뽑는다_여성이_바꾼다#나를위해1투표#내가만든1 #이재명 #은빛 ",1
158,2022-03-04 08:55:14+00:00,1499669789325008904,"이재명 더불어민주당 대선 후보가 사전투표 첫날 고 김용균, 고 변희수 하사, 고 이예람 중사 등을 호명하며 '초심'을 강조했다. 2030 여성들의 마음을 끌어당기고 있는 '추적단 불꽃' 출신 박지현 민주당 여성위원회 디지털성범죄근절특별위원장도 빠뜨리지 않았다. ",0
159,2022-03-04 08:27:45+00:00,1499662869432254465,투표했다...! 열분 1번 이재명입니다 이재명이랑 추적단불꽃 박지현 위원이랑 권인숙 의원님 합쳐 1번이에요...좆같은 윤석열과 이준석 눈물 질질짜는거 보고싶다 하면 1번입니다~~,1
160,2022-03-04 08:25:46+00:00,1499662370129412105,추적단 불꽃 박지현님은 어쩌다 저렇게 열심히 1번을위해 발벗고 나서게 되셨을까.... 이수정 교수님은 어쩌다 저렇게 열시히 2번을 독려하게 되신건데...,1
161,2022-03-04 07:03:39+00:00,1499641706429313026,"아침운동 겸 새벽 6시에 투표 하려고 일찍 나갔음 여기는 군단위 낙후지역이라 가는 내내 나 밖에 없는 거 아니야? 했는데 차 끌고 오시는 분들, 나처럼 운동 나오신 분들, 어르신분들까지 사람이 꽤 있었고 줄도 짧게나마 서야했음 불꽃추적단 지지를 결정타로 윤석열만 막자는 생각으로 투표했음",1
162,2022-03-04 06:33:43+00:00,1499634174726078465,결과를 떠나 지켜본다. 이후에 민주당이 박지현 '디지털성범죄근절 특위 위원장'과 추적단 불꽃을 어떻게 대하는지.,1
163,2022-03-04 06:31:09+00:00,1499633529616887813,사전투표 완. 내 귀한 한 표는 추적단 불꽃으로. ,1
164,2022-03-04 04:53:07+00:00,1499608856623681543,N번방 추적단 #불꽃 과 연대합니다,1
165,2022-03-04 04:49:00+00:00,1499607821734002688,"내일 저녁 7시 10분,추적단 불꽃 출신 활동가 박지현 님의'이재명 대통령 후보여덟 번째 TV 찬조연설'이방송됩니다.본 방송은 JTBC TV(뉴스룸 전)에서시청하실 수 있습니다.당원과 국민 여러분의 많은 시청 바랍니다.#이재명 #TV찬조연설 ",1
166,2022-03-04 04:47:41+00:00,1499607491335708677,추적단 불꽃 박지현씨를 팔로우 했다. 태어나 처음으로 하는 정치인 팔로우. 아직 정치인이라 확정지어 말할 수 있는지는 모르겠다만. 만약 이번을 계기로 정치에 입문하시는 게 맞다면 행보 지켜보며 기대를 걸고 싶은 사람이라. 볼수록 빛나고 멋진 사람 같아서.,1
167,2022-03-04 04:44:11+00:00,1499606610024763392,"추적단 불꽃 활동가 '단'은 ""일탈계 피해자의 특징은 부모에게 피해사실이 알려지는 것을 두려워 한다는 것""이라고 전했다. 그는 ""미성년 피해자의 성적 일탈행위를 지적하는 것이 먼저가 아니라 이를 악용해 성착취 카르텔을 만들어가는 가해자가 문제라는 인식이 만들어져야한다""고 말했다. ",1
168,2022-03-04 04:17:21+00:00,1499599854586064898, n번방 불꽃추적단..n번방 재판받을때 쫓아다니던 단체에요.,1
169,2022-03-04 04:09:54+00:00,1499597982173261829,"1번에 투표해주세요. 우리 모두의 미래를 위해 추적단 불꽃의 '불'을 영입하고 임신중절 보험화, 성평등임금공시제, 디지털성범죄 수익 독입몰수제 및 광역별 피해자 지원센터 설립, 성재생산권리보장법 및 차별금지법 제정을 이뤄낼 후보에 투표해 주세요. ",0
170,2022-03-04 03:24:01+00:00,1499586434398711809,아 씨발 뭔 페미니스트 타이틀 뺏겨서 질투난다 이지랄 페미니스트가 뭔 벼슬인가요? 여성이 여성을 위해 목소리 내는 게 페미니스트가 아니고 뭔가요? 그럼 추적단 불꽃 박지현씨는 뭐 민주당에 들어갔으니 굽시니스트 이쯤 된다 이지랄중인가? ,1
171,2022-03-04 01:40:25+00:00,1499560360239529984,★대단하신 분이에요. 활동가로서 이재명후보와 열심히 일해 디지털 성범죄 근절해주세요 // 디지털 성범죄 없는 세상에 사전투표해 주세요 by '추적단불꽃' 박지현 ,1
172,2022-03-04 01:27:57+00:00,1499557226406502401, n번방 추적해서 고발하고 여기까지 끌어오신 활동가 추적단의 불꽃 두 분 중 한분입니다.,1
173,2022-03-03 21:46:32+00:00,1499501502527729697,여러분이 서명 참여해주세요 실명 말고 닉네임도 가능. 박지현님이 민주당으로서 내시는 목소리도 주목받아야 하지만 그만큼 추적단 불꽃으로서 내시는 목소리도 주목받야 한다고 생각합니다 많은 관심 부탁 ,1
174,2022-03-03 18:31:58+00:00,1499452540009660416,"(3)이재명이 대선 초반에 각 잘못 재고 안티페미 비위맞추는 말도 안 되는 소리를 했다지만, 어쨌든 추적단 불꽃의 박지현 님이 함께 하기로 했고 이재명이 국힘의 어느 누구보다도, 민주당 남성 정치인 대부분 중에서도 성차별의 혁파에 대해 진일보해 있고, 설령 그가 선거용으로 그런 것이더라도",1
175,2022-03-03 16:20:35+00:00,1499419475522686980,나는 추적단불꽃을 위해 이재명 뽑을 거임 첫번째로 추적단불꽃 지키고 싶고 두번째로 이재명 공약이 그나마 내 니즈에 맞음 윤석열이 되면 난 김치년 되고 심상정이 되면 터프년이 되겠지 대놓고 한남충 부둥부둥하는 것도 빡치고 교묘하게 차별하면서 끝까지 남자 못놓고 시녀짓 강요하는 것도 빡침,1
176,2022-03-03 15:21:38+00:00,1499404639695179776,이재명이 이길 수 있다면 2030여성의 공로로 확실하게 인정할 수밖에 없기는 함 오늘 이재명과 추적단 불꽃이 보여준 열의가 너무나도 강했기에,1
177,2022-03-03 15:18:20+00:00,1499403808530644995,"3월 3일 진행된 '2030 여성 7,431명의 이재명 지지선언' 행사. 추적단 불꽃 활동가이자 현재 민주당 여성위원회 부위원장으로 활동중인 박지현 씨를 비롯, 많은 여성들이 혐오와 배제를 뛰어 넘는 정치를 위해 나섰다. ""민주당에 속아"" 끌려나온 게 아니라, 주체적인 의지와 용기를 가지고 나온 이들. ",0
178,2022-03-03 13:36:06+00:00,1499378080376586249,"'추적단 불꽃' 출신 박지현 민주당 여성위 디지털성범죄근절특위 위원장은 한 지지선언 참가자의 사연을 전하다가 끝내 눈물을 흘렸다.""'언니가 미혼모 시설에 있습니다. 시설에서 의식주 중에 식과 주를 해결하고 아기 기저귀·분유 등을 지원받고 있는데, 여가부가 폐지되면",1
179,2022-03-03 12:42:50+00:00,1499364675150303234,엄마...전화로 선거운동해줘서 고마운데.... 불꽃기사단 아니고..추적단 불꽃이야...,1
180,2022-03-03 11:55:48+00:00,1499352839076081669,이번 대선 나의 지지는.. 나는 추적단 불꽃에 두자리수 기부한 새럼..,1
181,2022-03-03 11:31:55+00:00,1499346828982366220,"솔직히 말해 이준석과 윤석열의 정치 끈 자르고 싶으면 이재명 뽑으라는 게 이재명 지지의 주 논지 중 아니었음? 물론 이걸 혐오 정치와 같은 층위라고 말하는 건 아님. 허나, 추적단 불꽃 활동가의 선택을 지지하려 했다면 다른 말로 했어야지. 더 신중했어야지.",0
182,2022-03-03 11:28:04+00:00,1499345861331283968,"감독의 청중은 추적단 불꽃 활동가의 선택을 지지한 이들, 여성 유권자였음. 그런데 ‘옳은 투표’의 반례로 든 것은 마치 윤을 뽑는 남성들이란 말임. 그러면서 묘하게 여성 유권자들이 이재명을 뽑을 수밖에 없었던 이유를 가림. 호도임.",0
183,2022-03-03 11:23:40+00:00,1499344752420192260,"나는 변영주 감독이 추적단 불꽃 활동가님의 얼굴 드러냄을 강조하며, 누구를 싫어하기 위해 투표하지 말라고 한 것은 모순적이라고 생각함. 누군가를 떨어뜨리기 위해 투표하는 이들은 누구임? 2030 남성? 그럼 이재명을 택한 여성들은 진심으로 그가 자신을 대변한다고 생각해서 뽑나?",0
184,2022-03-03 11:00:12+00:00,1499338848920567808, 다른것도 아니고 추적단불꽃 얼굴 공개하신글까지 악플실환지..박지현씨 지지하고 응원합니다,1
185,2022-03-03 10:49:38+00:00,1499336189241073666,"내일 저녁 7시 10분, JTBC. 추적단 불꽃 활동가 박지현 '이재명 대통령 후보여덟 번째 TV 찬조연설'방송된다고. ",0
186,2022-03-03 09:52:41+00:00,1499321858872672257,"이준석이 인정하는 페미니즘 정당 정의당!민주당 이재명은 추적단 불꽃의 박지현님과 함께 하고, 정의당 심상정은 페이스북으로 페미 인증 도장 찍어주신 이준석 대표와 뜻을 함께 하나보네요.투표에 확신을 더해주는 마삼중 대표님께 감사의 말씀을 전합니다!  ",1
187,2022-03-03 09:19:48+00:00,1499313583368568832,"잠시 후 9시, 이재명tv JM투데이 생방송에 출연합니다.최민희 전 의원, 오창석 평론가, '추적단 불꽃' 박지현 활동가님과 함께할 예정입니다.시간되시는 분들은 편하게 시청 부탁드립니다. ",1
188,2022-03-03 07:08:47+00:00,1499280608841056256,"3일 '이재명 후보로 마음 돌린 여성 7431명'의 공개지지 선언이 열렸다.'추적단 불꽃' 활동가인 박지현 여성위 부위원장은  ‘언니가 여가부 지원 미혼모 시설에서 지내는데 여가부가 없어지면 어디로 가야 하느냐, 제발 살려달라'는 지지자의 글을 대독하며 눈물을 흘렸다.  ",0
189,2022-03-03 07:07:32+00:00,1499280296545452037, 불꽃 추적단 박지현씨 이야기도 해보세요 2번 되는 큰일난다고,1
190,2022-03-03 06:53:53+00:00,1499276860240572417,텔레그램 성착취 사건을 최초로 공론화한 '추적단 불꽃' 출신 박지현 민주당 여성위 디지털성범죄근절특위 위원장은 이날 한 지지선언 참가자의 사연을 전하다가 끝내 눈물을 흘렸다. ,0
191,2022-03-03 05:58:17+00:00,1499262868679983104,추적단불꽃  그리고 더 큰 용기낸 박지현님에 대한 빚은 내 한 표로 갚기로_,1
192,2022-03-03 05:45:55+00:00,1499259757756305412,N번방사건을 처음 밝혀낸 추적단 불꽃의 박지현님의 지지연설입니다. 심상정 후보를 뽑아 소신투표하는 것만이 여성들의 목소리를 알릴 수 있는 길이 아닙니다. 부디 박지현의 편에 서주세요.,1
193,2022-03-03 04:47:01+00:00,1499244933055582208,추적단 불꽃 박지현님 얼굴 알고싶지 않았는데...너무 어려서 충격받았다. 젖살도 아직 안빠진 20대의 얼굴에서 그를 둘러싼 정치진영의 무책임함도 느낌. 감동만 받고 끝나면 절대로 안된다. 이대로 가는것이 과연 옳은 것인지 성찰해 봐야한다. ,1
194,2022-03-03 04:08:58+00:00,1499235358080643079,추적단 불꽃으로 활동하셨던 박지현 위원장님. 민주당 인사 성범죄 사건 사과해야한다고 꾸준히 말씀해주셨는데 어제 진짜로 사과 했다는 소식 들려와서 한켠 진짜 감사했음. 위원장님께.,0
195,2022-03-03 04:08:12+00:00,1499235165524336641,나는 불꽃추적단이 죄명이캠프갔어도 걍 어련히 본인이 알아서 판단했겠지 넘기는데 죄명사랑녀들 자꾸 불꽃 얘기하면서 이래도 죄명이 안뽑을거냐고 협박하고 정작 지들은 이수정교수 윤캠갔을때 뒤지게 조롱함 ㅅㅂ ㅋㅋ,1
196,2022-03-03 03:34:24+00:00,1499226658234310657,"그리고 N번방은 알아도 보도와 수사를 주도한 게 추적단 불꽃인 줄 모르는 사람들이 많기에 그 이야기를 썼다. 내가 강남역 살인사건과 N번방이 터졌을 때 어떤 심정이었는지(변영주 감독과 같은 심정이었다) 쓰고, 박지현씨를 지키기 위해서 이재명을 지지한다고 썼다.",1
197,2022-03-03 03:28:59+00:00,1499225296020512769,"이재명 너무 좆같은데 뽑을거임추적단불꽃 박지현님을 지지하기 위해, 그리고 윤과 스톤과 배씨를 비롯한 신남연을 반드시 조지기 위해",0
198,2022-03-03 03:03:09+00:00,1499218794228563976,추적단불꽃 박지현 위원장을 보면 눈물이 나요. 정말 용감한 사람. 존경할 수밖에 없어요.  그에게 희망을 걸어봅니다.,1
199,2022-03-03 02:49:00+00:00,1499215235026022404,"‘추적단불꽃' 박지현, 민주당 선대위 합류···""대선에 2030 여성 목소리 내겠다"" 민주당 선대위에 합류한 계기는?“지난해 말 권인숙 민주당 의원으로부터 제안받고 고민 끝에 합류했다.”민주당 선대위 잖아.  ",0
200,2022-03-03 02:18:18+00:00,1499207508107599872,"추적단 불꽃 박지현 님 비롯, 이재명으로 마음 돌린 2030 여성들의 지지 선언. 라이브로 같이 보자. ;) 수천명이 동참했는데, 그중 80프로가 비당원이라고. ",0
201,2022-03-03 02:01:57+00:00,1499203394216423428,RT)딱히 민주당을 지지하고싶진 않지만…추적단 불꽃을 강력히 지지하며. 박위원장의 고통스러웟을 선택또한 십분 이해한댜.,0
202,2022-03-03 01:40:11+00:00,1499197915663040516,진짜 심도 웃기네... 추적단 불꽃이랑 시간 같네,1
203,2022-03-03 00:10:42+00:00,1499175395031412736,탐라에 지적이고 예술 문화에 관심 많은 여성분들이 ㅁㅅㅇ 지지한다는 트윗에 식겁해서 몇 개 읽어보면 추적단 불꽃 박지현 보고 찍는다는 결론이더라. 몸통이 ㅁㅅㅇ인데 이낙연이니 박지현이니 앞세운다고 몸통이 달라지나?,1
0,2022-03-02 23:24:36+00:00,1499163795700125699,☆대단하신 분이에요. 활동가로서 이재명후보와 열심히 일해 디지털 성범죄 근절해주세요 // 디지털 성범죄 없는 세상에 사전투표해 주세요 by '추적단불꽃' 박지현 ,1
1,2022-03-02 16:59:11+00:00,1499066800016740352,추적단 불꽃 페미니즘 팔아먹는 장사치 아님?,0
2,2022-03-02 16:12:30+00:00,1499055052341714945,소드 “불꽃추적단의 영입은 그냥 표몰이를 위한 상징적인 행위 이상이하도 아니지 않나요.?” 소드너들은 불꽃 박지현 단장 새로운 소식은 알고 이렇게 쉽게 말 하는 건지… ,1
3,2022-03-02 15:29:57+00:00,1499044344640069632,손정우 3년도 윤석열 작품인데 이건 어떻게 하실래요? 그리고 N번방 윤석열이 조사하기 전에 사회 수면 위로 드러나게 만든 게 추적단 불꽃인데 또또 정치에 미쳐 여성 패싱한다 N번방 방지법 만들 때 그 누구보다도 열심히 반대하시던 분들이 성폭력 처벌을 운운해 그러니 웃겨요 안웃겨요?,0
4,2022-03-02 15:20:10+00:00,1499041884802625545,박지현님이 있었기에 쌉소리 가득하던 대선 초기에서 여기까지 올 수 있었다는 걸 계속 생각해야 한다 그리고 이의 여성정책(...)을 말하고 싶은 사람들은 박지현님을 더 많이 말해야 한다고 생각함 나 역시 추적단 불꽃의 존재가 영향을 많이 미쳤고 그때부터 이측의 태도도 바뀌기 시작했기 때문임,1
5,2022-03-02 15:16:19+00:00,1499040914202710016,얼마나 미치면 니넨 추적단 불꽃에게 페미니즘 팔아먹는 장사치라고 욕함? ,1
6,2022-03-02 14:31:19+00:00,1499029588344999941,내가 이재명을 뽑는다면 이재명때문아니고 추적단 불꽃 박지현님에게 보내는 감사와 지지임,1
7,2022-03-02 14:29:02+00:00,1499029016614895616,추적단 불꽃에 고마웠고 응원했고 그렇게 박지현 님의 행보도 지지한다.,1
8,2022-03-02 14:10:30+00:00,1499024351751913475,여러분 추적단 불꽃의 박지현 위원장이 서명을 받고 있습니다! 기자회견에 참석하지 못해도 서명에 동참하실 수 있습니다. 😉19세~39세 여성😉이면 누구나 서명 가능합니다! 주소는 OO동까지 간략하게 쓰시면 되고 개인정보는 안전하게 보호됩니다.1시간 남았습니다!! ,1
9,2022-03-02 14:05:19+00:00,1499023044660002817,본인도 여혐플로우로 남자들의 표를 잡을수있었음에도 불구하고 누구처럼 안휘둘리고 딱 줏대있게 아닌건 아닌거고 맞으면 맞다 하는점이 이재명의 호감인 점임.. #추적단 불꽃 박지현님이랑 같이 디지털 성범죄 단절하겠다는 말도 좋았고 무엇보다 여성정책을 진짜 많이 냄 ,0
10,2022-03-02 13:48:45+00:00,1499018875983130627, n번방을 쫓는 불꽃추적단대표예요.,1
11,2022-03-02 13:42:10+00:00,1499017221397381121,여가부 없앤다는 발언 서슴치 않게 하고 성평등 질문에 시간 아까워서 대답 못한다는 놈보단 낫겠지추적단 불꽃 ㅂㅈㅎ님이랑 ㅂㅇㅈ 감독 지지발언 듣고 생각 굳힌 것도 있고,1
12,2022-03-02 13:41:41+00:00,1499017097753489408,"세상은 정말 많은 훌륭한 여성들이 노력하고 행동하고 있음에 감사드리는 밤입니다. 불꽃추적단의 박지현 위원장님과 내일 &lt;이재명으로 마음 돌린 2030 여성들의 지지선언&gt;에서 발언하실 여성분들, 그리고 저의 트친님.여성들이 안전하게 자신의 꿈을 펼치는 사회가 되길 바랍니다.",1
13,2022-03-02 13:16:18+00:00,1499010712483500035,  그거랑 불꽃추적단 영입도 크게 한몫한거같구요근데 이재명은 지금까지 이사람이 했던걸 보면 참.. 겉과 속이 너무 달라서 좀 무서워요윤석열은.. 겉과 속이 똑같이 한숨나오는 사람이고..ㅋㅋㅋㅋ 진짜 이번 대선 너무 괴롭네요🥲,1
14,2022-03-02 12:51:08+00:00,1499004377943605250, 이분 논리대로라면 가임기 여성 지도 만들어졌을 때 걍 페미니즘은 닥쳐야 맞겠네 ㅋㅋ. 이준석이 펨코하며 시둥이가 설리 n번방 조롱하며 배인규가 시위하던 여성들에게 물총 쏘며 위협하고 윤석열 지지할 때 추적단 불꽃은 n번방 잡아냈음. 걍 님 공약 제대로 본 거 아니라 걍 윤 지지하고 싶다 하셈,0
15,2022-03-02 12:50:04+00:00,1499004108975398912,이씨가 좋아서 표를 주는 거겠니………  추적단 불꽃 박지현님에게 표를 주는 거지….,1
16,2022-03-02 12:48:01+00:00,1499003595332587524," 그... 그래서 이재명이 닷페이스에서 발언하고, 숙대에서 자기가 동상이몽에서 어떤 점이 잘못되었는지 발언하고, 추적단 불꽃 활동하던 분이 이재명 선관위에 들어간 건 걍 깡그리 무시하신단 말이네요? 진짜 알아본 거 맞음? 진짜 정책 제대로 본 거 맞음? 윤석열 선거공보 제대로 보신 거 맞아요?",1
17,2022-03-02 12:29:29+00:00,1498998929786294274,"내가 이번 대선에서 1번에게 주는 표는, 이재명 후보가 아니라 추적단 불꽃으로 활동했던 박지현 위원장에게 보내는 무한한 감사와 지지의 의미가 될 것.",1
18,2022-03-02 11:16:51+00:00,1498980652309712896,진짜 저렇게 얼굴 들어내신거 너무. ..  용기있으심지금 n번방이 물위로 올라올수있던게전부 불꽃추적단 덕분인데 당선되면 방지법 강화 갔으면 좋겠음,1
19,2022-03-02 10:36:42+00:00,1498970545039503360,디지털 성범죄 없는 세상에 사전투표해 주세요 [by '추적단 불꽃' 박지현] ,1
20,2022-03-02 09:57:59+00:00,1498960803588096006,안녕하세요 추적단불꽃의 단입니다.웹페이지를 새롭게 개설했습니다.  &lt;링크 페이지 소식받기&gt;를 신청하시면앞으로의 활동을 카카오톡으로 받아보실 수 있습니다. =) ,1
21,2022-03-02 09:57:44+00:00,1498960742434832384,이번에 꼭 윤석열 이준석 펨코 신남연 다 눌러버려야 해요. 여혐 전략 세우고 여성표 무시하면 어떻게 되는지 확실하게 보여줘야 정치권이 또 헛짓거리를 못하지. 게다가 이재명은 일도 잘 하고 일하고 싶어하는 사람이니까 일하게 해줍시다. 추적단 불꽃부터 여성들이 국회를 채워가는 거 좋잖아요?,0
22,2022-03-02 08:14:26+00:00,1498934745828245505,좆같은 새끼들아 조주빈 감옥에 처넣은건 윤석열이 아니라 추적단불꽃이다,0
23,2022-03-02 07:50:50+00:00,1498928804080746497,★대단하신 분이에요. 활동가로서 이재명후보와 열심히 일해 디지털 성범죄 근절해주세요 // 디지털 성범죄 없는 세상에 사전투표해 주세요 by '추적단불꽃' 박지현 ,1
24,2022-03-02 07:47:46+00:00,1498928034648190976,"#윤벙방윤석열캠프논란 ❗#안철수이준석홍준표국민의힘특전사 또 터진 '윤벙방 만행' 단독 떴다 ❗국민의힘 특전자 카톡방 "" 안철수 빨갱이, 이준석 스파이, 홍준표 간첩"" -N번방 최초 폭로한 '추적단 불꽃' 박지현 이재명 지지 부탁 ❗👍",1
25,2022-03-02 07:41:06+00:00,1498926355571830788,대단하신 분이에요. 활동가로서 이재명후보와 열심히 일해 디지털 성범죄 근절해주세요 // 디지털 성범죄 없는 세상에 사전투표해 주세요 by '추적단불꽃' 박지현 ,1
26,2022-03-02 07:39:44+00:00,1498926013153120258,대단하신 분이에요. 활동가로서 이재명후보와 열심히 일해디지털 성범죄 근절해주세요 // 디지털 성범죄 없는 세상에 사전투표해 주세요 by '추적단불꽃' 박지현  출처 ,0
27,2022-03-02 07:32:46+00:00,1498924256197242883,불꽃추적단인가 하는 사람 오늘 마스크 벗었다네일부러 저러는거지,1
28,2022-03-02 07:23:25+00:00,1498921904354508801,"추적단 불꽃 얘기 들었을 때 정말 눈물흘렸고… 그 마음으로 지지합니다. 혐오정치, 편가르기 정치 하는 후보는 사절입니다. ",1
29,2022-03-02 07:06:39+00:00,1498917683861270534,"N번방 추적단불꽃 박지현님 마스크 벗으셨어,,ㅠ 아직도 텔레그램에서는 박지현님 마스크 벗은 사진 구한다고 현상금 걸어놓고 딥페이크 포르노 만들겠다고 자기들끼리 낄낄거리는데,, 어려운 용기 내셨고 피해없이 가해지만 뒤지는 세상이 됐으면 좋겠다 제발",1
30,2022-03-02 06:19:29+00:00,1498905816023265280,"  이재명 후보님. 사실 누굴 뽑아야하는지 얼마전까지만해도 확신이 없었습니다. 그렇지만 추적단불꽃의 박지현님이 이러한 위험을 감수하며까지 이재명 후보님 캠프에 합류하여 이 땅에 존재해서는 안될 범죄와 차별에 대해 이야기하며 바꾸고자하려는 걸 보고,",1
31,2022-03-02 05:59:40+00:00,1498900829587140616,디지털 성범죄 없는 세상에 사전투표해 주세요 by '추적단불꽃' 박지현#이재명,1
32,2022-03-02 05:23:46+00:00,1498891794456530944,디지털 성범죄 없는 세상에 사전투표해 주세요 by '추적단불꽃' 박지현  출처 ,1
33,2022-03-02 05:04:14+00:00,1498886876714790913,'추적단 불꽃' 박지현 님의 꾸준한 용기를 보며 많이 배웁니다. 숏츠를 주위에도 널리 알려야겠습니다.디지털 성범죄 없는 세상에 사전투표해 주세요 by '추적단불꽃' 박지현  출처 ,1
34,2022-03-02 05:03:14+00:00,1498886627971661826,추적단 불꽃 박지현님을 응원합니다.,1
35,2022-03-02 04:31:26+00:00,1498878625793204226, 엔번방 밝혀낸 사람들이 추적단 불꽃인데 ㅅㅂ ㅋㅋㅋ,1
36,2022-03-02 04:30:34+00:00,1498878406678945793,#이재명 디지털 성범죄 없는 세상  '추적단불꽃' 박지현  출처 ,1
37,2022-03-02 04:25:42+00:00,1498877182420008961,디지털 성범죄 없는 세상에 사전투표해 주세요 by '추적단불꽃' 박지현  출처 ,1
38,2022-03-02 04:01:27+00:00,1498871076813565960,오늘까지 이재명 후보로 마음 돌린 2030 여성들의 지지선언을 받는다고 합니다.제 주위 여성 친구들도 이준석 혐오 정치를 어떻게든 막아야겠다며 많이 참여했네요.N번방 최초 공론자인 '추적단 불꽃' 박지현 님이이재명 캠프에 합류하며 많은 주목을 받았는데요.주위에도 공유 부탁드립니다. ,0
39,2022-03-02 03:44:41+00:00,1498866860703449091,용감하고 대단한 사람.디지털 성범죄 없는 세상에 사전투표해 주세요 by '추적단불꽃' 박지현  출처 ,1
40,2022-03-02 03:29:53+00:00,1498863133108338689,추적단 불꽃 박지현님 얼굴 공개했네.. n번방을 파헤쳤다는 이유로 상식과 도덕이 없는 자들에게 보복당할까봐 걱정하게 되는 이 상황이 너무 빡친다,1
41,2022-03-02 03:26:48+00:00,1498862358046728196,"이 여성들의 변화 시초에 닷페이스 출연이 있었고, 그 출연을 계기로 이재명은 조금 다르구나라는 인식이 깔린 상황에서 추적단 불꽃의 박지현님 합류가 큰 힘이 되었다..정말 이재명 당선 되어서 여성들도 정치효능감을 맛보고 더이상 지워지지 않는 유권자가 되었으면 하는 바람",0
42,2022-03-02 02:40:53+00:00,1498850802135629826,N반방 주범 공범들 텔레그램측에 협조 얻어내 죄다 검거 해낸게 경찰 이었음불꽃 추적단이 일정 공로는 있겠지만 한겨레에 제보해서 공론화 시킨건데 어쩜 되려 공범들이 도주할 수 있는 계기였을 수 있어 보임이후 경찰의 기민한 수사 덕 아녔음 다 놓쳤을거 같은데?,0
43,2022-03-02 02:35:47+00:00,1498849519714246656,디지털 성범죄 없는 세상에 사전투표해 주세요 by '추적단불꽃' 박지현,1
44,2022-03-02 02:35:15+00:00,1498849386071134210,디지털 성범죄 없는 세상에 사전투표해 주세요 by '추적단불꽃' 박지현,1
45,2022-03-02 00:54:39+00:00,1498824069101211652,추적단 불꽃얼굴 공개하신 거 보니까 갑자기 눈물남;; 여러 감정이 복받침 근 몇 년 빡쳤던 과거가 생각남 응원합니다,1
46,2022-03-02 00:53:22+00:00,1498823744114282497,추적단 불꽃의 멤버이자 용기를 내 현실 정치에 뛰어드신 박지현씨와 함께하겠습니다!,1
47,2022-03-01 20:28:51+00:00,1498757176726155264,불꽃추적단 없었으면 n번방 알지도 못했을 인간들이 진짜ㅋㅋ ,1
48,2022-03-01 17:29:43+00:00,1498712099706802176,박지현님한테 페미 이용한다 어쩐다 하는 놈들 보다가 새벽에 야마돌음ㅠ 저런 새끼들 박지현님이 뭐하는 사람인지 추적단 불꽃이 무슨 일 했는지 제대로 알지도 모른다에 백원 걸겟음,1
49,2022-03-01 14:59:23+00:00,1498674266690232328,진짜 엄청나게 큰 일이잖아.. 마스크 낄 때도 위험이 컸는데. 양쪽 다 별로라 (한 쪽이 더욱 최악이지만..^^) 다른 후보로 마음이 기울다가 추적단 불꽃 보고 마음을 굳혔다.,0
50,2022-03-01 08:08:47+00:00,1498570935506391040,불꽃 추적단이 2차 가해 한다며 악플 다는 소드너들. 누굴 2차 가해 한다는거야? ,1
51,2022-03-01 07:20:17+00:00,1498558730056921088,불꽃 추적단만큼 여성인권을 위해서 니들이 뭘 한게 있다고 방구석에서 커뮤나 하고있니,1
52,2022-03-01 04:57:11+00:00,1498522715061321728,"전략투표 생각하시거나 돌아서신 분들 한번 봐주시면 좋겠습니다. 불꽃추적단 박지현님 주최이고, 참석 힘드시면 참여만 해주셔도 좋습니다! 많은 관심 부탁드려요 ",0
53,2022-03-01 02:26:42+00:00,1498484845227302912,추적단 불꽃이고 뭐고 간에 민주당의 20대가 국힘 20대랑 다를 게 하나도 없다니까? 그런데 무슨 페미니즘? 여성정책? ;;;;;,0
54,2022-02-28 21:39:34+00:00,1498412586009833478,미친거 아냐? 어디다가 이차가해를 갖다부치노. 추적단 불꽃 모욕하지마라  지들이 한짓이라곤 윤석열 착즙한 미친짓밖에 없으면서 뭐 이니 생각도 안나고 윤얼굴을 보면 눈물난다고? 염병을 떨어요. 제발 느그들 미친짓하는데 문재인 이름 팔지마라 추잡한 인간들아. ,0
55,2022-02-28 15:28:49+00:00,1498319283402641410,누가 이재명이 여가부만 지켜준대?ㅋㅋㅋ하… 그냥 애초부터 말 못알아듣고있냐추적단 불꽃이셨던 박지현님의 영향도 아주 큼 얼마나 다른 당이 심각하면 익명으로 지내던 본인이 실명으로 오픈하면서까지 그 당에 들어갔겠나 싶다,0
56,2022-02-28 13:08:38+00:00,1498284004566761473,요새 현실에서는 불꽃추적단에 진심인데 스급월드에선 한유진으불꽃에진심임,1
57,2022-02-28 12:37:41+00:00,1498276216444375042,검찰놈들이 애초에 추적하지도 않았으니까 추적단 불꽃이 생긴거지 ㅋ 검찰에 무슨 공이 있는데? 평범한 여성이 위험까지 무릎쓰게 만든게 이나라 공권력 아님? ㅋ ,0
58,2022-02-28 12:25:00+00:00,1498273025913139209,"""이재명의 곁에는 N번방 사건 최초 공론자 ‘추적단 불꽃’ 박지현 활동가와 더불어민주당의 2030여성들이 함께 하고 있습니다. 여성을 억압하고 성차별이 만연한 사회로의 후퇴를 막기위해 마지막 저지선으로 혼신을 다 하고 있습니다. 진심을 다해 여성이 행복한 대한민국을 함께 만들고 싶습니다."" ",1
59,2022-02-28 12:13:44+00:00,1498270191020838923,"선대위 여성위원회와 다이너마이트 청년선대위에서 이재명 후보를 지지하는 2030 여성 시민들을 찾고 있네요. 이재명과 함께, 추적단 불꽃의 박지현 위원장과 함께 보다 성평등하고 안전한 미래를 함께 만들어가는 여성 청년들을 기다립니다. ",0
60,2022-02-28 10:56:25+00:00,1498250731815829504, 응원합니다!!! 저 불꽃 추적단 책도 읽고 한동안 유튜브도 찾아봤던 팬 1인 입니다. 이재명 후보 선대위 참여 쉽지 않았을텐데 용기를 내주셔서 정말 감사드립니다. 박지현님의 참여덕분에 생각이 바뀐 여성분들 정말 많아요! 이상한 글들 신경쓰지 마시고 계속 열심히 힘내 주세요!!,1
61,2022-02-28 09:31:19+00:00,1498229316093902853,조주빈 체포 과정 스토리불꽃 추적단 박지현 씨는 경찰에 신고한 후 경찰의 추적과 잠복 끝에 검거그 후엔 윤석열의 검찰의 수사로 기소 재판이 일련의 과정에서 박지현 씨가 뭐에 불만인지 모르것네경찰 검찰이 제 할일 제대로 못했나?그 과정에서 민주당은 뭘 했다고 ,0
62,2022-02-28 09:02:47+00:00,1498222135659347969,여러분에게 염치불구하고 읍소합니다. 이대남의 윤석열 지지율이 70세 이상 다음으로 높습니다. 윤석열이 당선되면 신남연·뻑가·펨코·마삼중이 설치고 여자라서 죽는 세상이 옵니다. 불꽃추적단 박지현씨를 영입하여 n번방 근절을 노력하는 이재명만이 답입니다. 부디!  ,0
63,2022-02-28 06:29:13+00:00,1498183491288440838, 민주당이 페미니즘을 꺼내지 않는다고요? 당장 정의당 의원 6명이 발의한 여성의제 법안 보다 민주당 정인숙 의원 한 명의 발의한 여성의제 법안이 많습니다만그리고 추적단 불꽃의 박지현 씨를 영입한 것도 민주당입니다,0
64,2022-02-28 06:04:09+00:00,1498177181620772864,찢 되는것도 난 불안하고 그래서 윤이고 찢이고 둘다 안 뽑을거임성범죄 묵인하고 여성정책 나몰라라 해온 민주당이고 대놓고 반여성적 정책 펴는 국힘이고 둘다 아웃시켜야 함그래도 추적단 불꽃이 어떻게든 긍정적으로 스포트라이트 받고 영향력 행사할 수 있으면 그것 자체로는 응원해야지,0
65,2022-02-28 05:56:13+00:00,1498175183563403264,준스톤이 자꾸 윤 뒤에서 깝침 + 추적단불꽃 합류로 찢 지지하시는 분들 많은데 전 찢 본인도 솔직히 사적으로 보면 윤쪽 못잖은 (아니 오히려 윤보다 더한) 여혐충이라고 생각하고 존나 깔거지만신남연새끼들 족치기 + 추적단 불꽃에 대한 의리로 찢한테 전략투표 하는 걸 굳이 뭐라하진 않겠음,0
66,2022-02-28 02:10:22+00:00,1498118347958882304,뼈만주당러로서의 예상으로는추적단 불꽃의 박지현 위원장 (이미 직급이 디지털 성범죄 근절 '특별위원장'임)은 대선에서 이기면 비례대표&amp;지역구 밀어주고 그게 아니면 청와대로 들어가지 싶은디...,0
67,2022-02-27 16:29:51+00:00,1497972257133858818,엔번방 최초로 밝히신 추적단 불꽃 박지현님 이 추천하신 글! 민주당도 이재명도 싫던 내가 이재명 지지를 호소하는 이유👍#이재명 #여성 #대선 #여성정책 #페미니즘,1
68,2022-02-27 14:49:22+00:00,1497946966856114178,불꽃추적단에게 곧 뒤통수 쎄게들 맞을 듯. 한두번 본 꼴이 아니라서.#여성이_뽑는다_여성이_바꾼다,0
69,2022-02-27 14:45:29+00:00,1497945991370055687, 이야 저번 대선보다 지지율이 더 떨어졌는데 불꽃이 생길지😒 진정으로 여성을 돕는 일은 n번방 추적단 불꽃 활동이 아닌가?,1
70,2022-02-27 14:41:40+00:00,1497945031550070790,심상정 뽑고싶어도 못뽑는 현실..지금은 안되지만 불꽃추적단 박지현 올리는 것 부터 차근차근 가보자고#여성이_뽑는다_여성이_바꾼다,1
71,2022-02-27 13:57:53+00:00,1497934012715003912,내가 박지현 전 추적단불꽃 활동가의 이재명 캠프 합류에 환호하면서도 우려했던 이유가 바로 그것이다.,1
72,2022-02-27 13:57:12+00:00,1497933839355711494,추적단불꽃 이미 너무 큰 일을 해낸 사람들이라 앞으로 꽃길만 걷고 편하게 살 수 있기를 바랐는데... 세상의 부름에 싸우러 나왔다는 것 자체로 이미 너무 대단함.... 당신들은 너무 좋은 사람들이에요ㅜㅜㅜㅠㅠㅠㅠ,1
73,2022-02-27 13:50:31+00:00,1497932160082509826, 제가 왜 박지현님이 추적단불꽃에 갈 때 우려가 있었는지 이제 아시겠죠??,0
74,2022-02-27 13:49:08+00:00,1497931812223721474," 에펨코리아와 똑같은 생각을 하시다니 매우 소름이네요, 권인숙 의원과 박지현 전 추적단불꽃 활동가 앞에서 그대로 이야기 하시길 바랍니다^^",1
75,2022-02-27 12:50:55+00:00,1497917159103614977, n번방 공론화한 추적단 불꽃 박지현씨가 쓴 글이고요 이재명은 박지현씨를 선대위 디지털성범죄 특위 위원장으로 임명했고 N번방 공론화되자 이미 경기지사 시절 디지털 성범죄 대응추진단을 꾸렸습니다 윤석열은 그와중에 N번방 방지법을 검열법으로 호도했습니다 ,0
76,2022-02-27 12:50:34+00:00,1497917072025657350,이재명 vs 윤석열 싸움임우리는 한쪽에 집결해야 한다 표가 갈라지면 무효표밖에 안됨여자죽이기에 나선 신남연펨코도태남들은 윤한테 붙었다이재명엔 N번방 불꽃추적단이 합류여성정책뿐 아니라 기본인권 동물권에 대해 말한다소신있게 1번 간다#여성이_뽑는다_여성이_바꾼다#Vote_For_Womyn ,1
77,2022-02-27 10:35:51+00:00,1497883169541869573,대선후보중하나는펨코신남연을등에이고#여성이_뽑는다_여성이_바꾼다또다른대선후보하나는추적단불꽃을영입했다그게 뭘 말하는지 아실 분들은 아실 것이다,0
78,2022-02-27 08:00:08+00:00,1497843982822707201,N번방을 공론화한 추적단불꽃이 이재명에 합류했습니다윤석열은 신남연 디씨펨코와 같이 갑니다살기 위해 '생존'투표를 합시다#여성이_뽑는다_여성이_바꾼다 #vote_for_womyn,1
79,2022-02-27 05:02:37+00:00,1497799308099604482,  박지현 씨는 N번방 사건을 추적해서 밝혀낸 추적단 불꽃의 활동가입니다. 이분이 이후보 지지를 밝히고 나서자 현재 이분 맨얼굴을 음란물에 합성하겠다고 사진 찾는 남자들이 있고요. 한국사회에 만연한 남자들의 성범죄 행태에 조금 관심을 가지시면 좋겠습니다.,1
80,2022-02-27 04:51:05+00:00,1497796405737385988, 추적단 불꽃을 응원했던 사람으로서 선거 결과와 관계 없이 더불어민주당이 박지현씨를 어떻게 대우하는 지 지켜보겠습니다.,1
81,2022-02-27 02:05:26+00:00,1497754717711384577,그렇게 한번 보기나 해볼까 에서 그후 박지현님 영입과 막상 보니 국힘과 비교도 안되는 좋은 공약으로 확 분위기가 바뀐걸 보면 이잼은 아직은 보류여도 추적단불꽃과 권인숙의원등을 보며 이쪽이 낫다 생각하는 여성들이 늘어난것. 정말 이잼이 당선되면 그들이 일등공신이다.,1
82,2022-02-26 21:46:13+00:00,1497689485592576003,박지현씨  의 추적단 불꽃은 N번방을 목숨을 걸고 추적해서 세계에서 이미 악명높던 한국의 디지털성범죄를 줄이는 데 크게 기여했다. 삶과 죽음을 가르는 상황에서도 진실을 밝히기 위해 투신했던 그가 얼굴을 드러내고 목소리를 높이고 있으면 그 이야기가 맞다.,0
83,2022-02-26 12:31:38+00:00,1497549917857878017,아무리봐도 압도적으로 이재명 여성정책이 나음 ㄹㅇ추적단불꽃(n번방밝혀냄)도 여기 붙은 의미가 잇을고아냐 ,1
84,2022-02-26 10:18:17+00:00,1497516362461511680,"오늘 송파 가든파이브 앞에서는 정춘숙 선대위 여성위원장, 박지현 선대위 여성위 디지털성범죄근절위원장 등 ‘여심명심유세단’이 찾아와 합동유세를 벌였습니다. 박지현 위원장은 '추적단 불꽃'으로 활동하며 끔찍한 성착취 범죄인 ‘N번방 사건’을 최초로 공론화했던 분입니다. ",0
85,2022-02-26 09:43:53+00:00,1497507705367707651,박지현 위원장 똑똑하네. 이분이 악명높은 'n번방' 성범죄를 추적해 뿌리뽑는데 큰 공을 세운 추적단 '불꽃'에서 활약하신 분? 정치판에서 잘 키우면 큰 재목이 되겠는걸? 목소리를 좀 더 크게 내면 더 좋을 듯20대 여성들이 윤석열과 국힘은 절대 아니라고 하는 이유,1
86,2022-02-26 09:19:34+00:00,1497501585743970304, 지현님! 다름이 아니라 닉네임을 박지현 (추적단 불꽃) 이런 식으로 바꾸기를 제안드립니다. 2030 여성이라면 '불꽃'이라는 이름 선명히 기억하고 있을 것입니다. 더 많은 여성들에게 지현님의 목소리가 닿기를 바라는 마음에 멘션 남겨봅니다 응원합니다❤️‍🔥,1
87,2022-02-26 09:04:03+00:00,1497497679412092929,추적단불꽃얘기들었다눈물이강을타고흐름,1
88,2022-02-25 19:43:52+00:00,1497296305613570048,어차피 여자들은 윤석열 안뽑을거니까 소신투표하게 유도하라고 하는 펨코이걸보니 더욱 전략투표해서 이재명 뽑아야겠다는 생각을 했다!불꽃추적단 박지현 가보자고 ,1
89,2022-02-25 13:16:47+00:00,1497198892277907460,"뮤트합니다.. 이번 대선 여성들 투표 단합해서 여혐펨코유저 윤석열이 대통령 되는 거 막았으면 좋겠습니다 둘다 똑같다 하지만 여성정책 펼치고 여가부 폐지 반대, 추적단 불꽃분들 영입해서 선거운동하는 기호1번 이재명 한번씩만 고려해주세요.. 차악과 악은 천지차이입니다 ",0
90,2022-02-25 12:58:57+00:00,1497194405757095938,이번 대선 나의 표는 추적단 불꽃을 향해 던진다.,1
91,2022-02-25 02:23:10+00:00,1497034405587881984,아직까지도 후보들 공약 찾아보기는 싫고 보돕보는 해야겠고 이재명 윤석열 똑같아보이고 그런 사람들은 추적단 불꽃 박지현씨 따라가세요 제발ㅋㅋㅋ... 말뿐인 걸크러쉬 멋지다고 하다가 한녀 목에 칼들어오게 생겼습니다,1
92,2022-02-25 01:04:18+00:00,1497014559491592217,근데 진심 어이가 없네...추적단 불꽃 이었던 사람에게 그런 소리를 어떻게...? 너 뭐 돼????,0
93,2022-02-24 19:44:43+00:00,1496934132768653312,불꽃 추적단 이런거는 안까냐🤬신남성연대는 자국 법으로 처리 할수나 있지.북한이랑 전쟁 나면 한국 여자들 안전은 누가 책임져 주니???큰 그림을 못보는거냐 민주당에 기생해서 한자리 얻으려는거냐.정의당 반미도 역겨움. 안보가 없는데 뭔 인권 이지랄🤬 ,0
94,2022-02-24 13:56:26+00:00,1496846482342699011,"""성범죄를 개인차원에서 해결하라는 무지한 성차별주의자 집단과 우리는 마주하고 있습니다. 한 표 한 표가 정말 너무도 소중합니다. 저는 감히 생각합니다. 우리의 한 표가 여성의 생존을 위한 표라고요."" ('n번방' 추적단 불꽃) ",1
95,2022-02-24 08:15:44+00:00,1496760744863428610,추적단 불꽃,1
96,2022-02-24 07:34:57+00:00,1496750479975485441,추적단 불꽃 계시던 분이 민주당캠프 가셨군아 ..뭐든 응원합니다 계신 곳에서 변화가 있다면 그걸로 의미는 충분하니까요,1
97,2022-02-24 04:42:14+00:00,1496707013430026240,"가장 나를 흔든 건 추적단불꽃이었다는 걸, 민주당 지지자들이 알면 좋겠고 페미니스트 일부가 나랑 비슷한 심경이라는 것도.",1
0,2022-02-23 14:19:00+00:00,1496489774840184835,"&lt;우리가 우리를 우리라고 부를 때&gt;추적단 불꽃의 디지털 성착취물 유포자 추적기인데… 스토킹방지법, 그루밍처벌법, 디지털성범죄 함정수사 법제화를 ‘n번방 방지법’의 사각지대 보완책으로 제시하고 있음. ",1
1,2022-02-23 12:30:03+00:00,1496462357865943041,전략적 투표 부탁드려요ㅠㅠ 사람은 둘째치고 꼭 공약과 공약이행률을 봐주세요. 이행률 90퍼 이상이고 여성정책 공약과 불꽃 추적단 박지현님 임명 등. 저희가 당장 필요한 권력을 가지고 윤석열로 인한 당장 닥칠 여성인권 후퇴를 막아야합니다ㅠ 부탁드립니다 이재명 뽑아주세요ㅠ,0
2,2022-02-23 11:22:48+00:00,1496445431660052494,찢 얘기는 뭐... 계속 내 팔로워 떨어지는 걸 보면 나하고 생각 다른 사람들도 많고 솔직히 난 찢하고 민주당 싫어하지만 4물결 페미쪽에서 전략투표 하자는 사람들도 추적단 불꽃 때문에 차악으로 지지하는 걸테니 굳이 그 사람들한테 너무 따지진 않겠음,0
3,2022-02-23 06:00:28+00:00,1496364316916056064, 근데 추적단불꽃이 그쪽아닌가,0
4,2022-02-23 04:46:42+00:00,1496345749998964738,시밣 김건희 윤석열 2차가해는 사과했다고  그럴 수도 있다고 착즙하는 것들이 추적단 불꽃을 저따위로 말한다고? 하 촤 하 촤!,1
5,2022-02-23 04:15:40+00:00,1496337939579736065,"추적단 불꽃, &lt;우리가 우리를 우리라고 부를 때 : N번방 추적기와 우리의 이야기&gt;, 이봄, 2020.#추적단불꽃_박지현_킹메이커 ",1
6,2022-02-22 14:53:22+00:00,1496136035713048586, 잊혀진 여성들이랑 추적단불꽃,1
7,2022-02-22 12:15:49+00:00,1496096388295372801,불꽃 추적단 민주당 들어갔을때 “페미팔이” 라고 욕 하던 소드 댓글은 지워진듯 ㅎㅎ ㄹㄹ팔이 댓글은 쌍코지만 소드나 쌍코나.,1
8,2022-02-22 10:10:26+00:00,1496064833678352385, 전 민주당이 아니라 추적단 불꽃의 뒤를 밀어주기로 했습니다...,1
9,2022-02-22 09:41:49+00:00,1496057633681416193,그리고 현 젊은 여성들만큼 여성에게 우호적이고 남성들에게 비판적인 집단도 한국에는 없습니다.추적단 불꽃을 비롯한 n번방 공론화나 스쿨 미투를 지지하는 움직임이 학부모들이 아닌 젊은 여성들을 주축으로 일어났던 것이 그 예죠.,1
10,2022-02-22 07:56:01+00:00,1496031008072044544,아 쓰레기통도 못살려~~~~! #추적단불꽃_박지현_킹메이커 가보자고 시발 추적단불꽃 이름 존나간지작살남 ㄹㅇ루 ,1
11,2022-02-22 07:09:57+00:00,1496019414227075075,"불꽃 추적단 민주당 들어가고 소드 분위기. 정치하려고 페미 이용한다, 추적단 다시 봤다, 불꽃 누구냐, 처음 본다. 너네가 방구석에서 키보드로 악플 달 동안 불꽃은 더 한 일 많이 했는데 저렇게 폄하를 하냐. ",1
12,2022-02-22 02:13:54+00:00,1495944907990904832,요즘 온갖 여혐펨코충들이 여시같은 여초사이트에서 심찍자고 여론조작 한다는데 오히려 추적단 불꽃 같은 ㄹㅇ로 여성인권 생각하는 사람들은 1번에 표주기로 맘 먹고..여전히 트위터에서 심찍심 하는 사람들은 대체 어떤 사람들일까 궁금해져,1
13,2022-02-22 00:34:26+00:00,1495919878825721856, 추적단 불꽃으로 후보 아들부터 불태우면 인정 ,0
14,2022-02-21 17:58:31+00:00,1495820243218092033,추적단 불꽃 박지현을 응원하고 지지합니다.박지현을 청와대로 보내려면 이재명을 청와대로 보내야 합니다해시태그앞뒤에다특문없이빈칸없이열자이상#추적단불꽃_박지현_킹메이커여성혐오안티페미펨코왕자일베충을몰아내자,1
15,2022-02-21 17:32:14+00:00,1495813628993413127, 사실 한국 사는 제가 느끼기엔 그냥 진보 언론이 없어요.. 기사 보면 전부 멍청한 시계추 이론의 표본 그 자체고요 오히려 참기자정신을 싫어하는 것 같은게 N번방은 나름 이슈가 됐는데도 추적단 불꽃을 다룬 기자는 한 명도 없어서 이재명 선대위 합류로 이 분들 처음 알았다는 사람들이 태반이고..,1
16,2022-02-21 17:11:03+00:00,1495808298804985856,추적단 불꽃 박지현님 화이팅,1
17,2022-02-21 15:48:08+00:00,1495787430661787651,정확한 지적 이재명이 당선하면 페미니즘은 선거 승리 요인이 되어 불꽃 추적단 박지현이나 권인숙이 더욱 위세를 떨치지만 낙선하면 페미니즘이 패배 요인으로 찍혀서 전자가 더욱 위축되고 오히려 상습폭행범 배인규나 혐오선동가 마삼중이 위세를 떨쳐서 여혐이 남발될 거다. 이재명만이 답이다. ,0
18,2022-02-21 15:18:45+00:00,1495780034866728964,지난 대선 때도 소신투표했는데 이번엔 윤이 된다는 상상만 해도 진심으로 너무 공포스러움… 내 표가 움직인다면 오직 추적단불꽃의 힘이다,1
19,2022-02-21 14:30:49+00:00,1495767973281546240,N번방방지법폐지의윤석열을#추적단불꽃_박지현_킹메이커뭉쳐서1번뽑으면막을수있습니다선택하세요 펨코 왕자 이준석인지 추적단 불꽃의 박지현님인지,1
20,2022-02-21 12:14:34+00:00,1495733686742003716,"후보와 진영을 떠나서, 이번에 정치적 선택을 하신 추적단 불꽃의 박지현님이 원하는 성과를 얻기를 기대한다. 나는 이 분과 동료들에게 많은 빚을 지고 있다고 생각한다.",1
21,2022-02-21 11:06:09+00:00,1495716468612542468,남초 커뮤 해바라기 김남국이 안보이게 되면서 추적단 불꽃의 박지현 씨가 드러나 보이는 것도 기분탓일까.,1
22,2022-02-21 09:29:11+00:00,1495692062754324490,*추적단불꽃햇갈렸다니 부끄럽습니다,1
23,2022-02-21 08:29:48+00:00,1495677119996645378,추적불꽃단 -&gt; 추적단불꽃,1
24,2022-02-21 08:08:47+00:00,1495671833412128768,여초커뮤에 잠입한 새끼들이 민주당에서 추적단불꽃 박지현님을 영입하고 여성을 위한 공약을 내놓은 것을 '유리절벽'이라고 비유하며 밭갈이 하고 있습니다 ,0
25,2022-02-21 07:50:41+00:00,1495667278373076994,이름부터 멋짐 폭발 '추적단 불꽃'하지만 해내신 업적은 더욱 멋진 박지현님. 함께 대선 승리하고 국회로 가십시다. #추적단불꽃_박지현_킹메이커,1
26,2022-02-21 06:59:02+00:00,1495654276848361477,너무 괴롭다 진보 인사가 보수 후보 진영으로 넘어가면서 짚은 윤의 결함에 여성의 이야기는 없다는게. 나를 보다 더 잘 설명하는 건 출신지가 아닌 여성인데 이 정체성은 고려의 대상조차 아니라는게. 추적단 불꽃보다 노무현-문재인-이낙연-그의 비서관으로 이어지는 친분이 더 진보를 상징한다는게.,0
27,2022-02-21 04:55:26+00:00,1495623172741545984,이재명이 싫더라도 불꽃추적단 박지현 의원님과 우리나라 여성들을 위해서 한번만이라도 더 생각해보시고 고려해주시길 진심으로 간곡히 부탁드립니다…ㅠㅠ일단 저희는 살아서 여성인권 향상에 계속 힘써야지요…!만약 윤석열이 되면 그마저도 없어집니다. 농담이 아니라 심각성을 느껴야합니다ㅠ,1
28,2022-02-21 03:20:02+00:00,1495599164956504065,나헿 쟤 저번에 나 윤석열 싫어하고 둠재명도 싫어하지만 추적단불꽃은 응원한다 이정도로만 말했는데 둠 싫다는 말에 버튼눌렸는지 ㅋㅋ 여자가 어떻게 우파일 수 있냐고 님이 그러고도 페미니스트냐고 ㅋㅋ (아닌데?) 처음부터 반말 틱틱 까면서 논리고 뭐고 없이 빡빡 우기던 애 아니냐,1
29,2022-02-21 03:14:57+00:00,1495597887203553280,꼭 둠이 되어서... 저 똥파리새끼들 좆됐으면 하는 마음으로다가... 하는 게 절반추적단불꽃 합류? 아 이건 각이다 40퍼금요일 유세보고온거 10퍼,1
30,2022-02-21 02:50:42+00:00,1495591781706125313,오늘아침에뜬여론조사에서#추적단불꽃_박지현_킹메이커이재명이앞섰습니다안늦었어요펨코왕자 이준석이 킹메이커가 되느냐추적단불꽃 박지현님이 킹메이커가 되느냐 이제 여자들 손에 달려있습니다,1
31,2022-02-20 17:39:49+00:00,1495453147786928129,ㅅㅂ윤되면어떡하지..존나 큰일남                       +이 쪽에..추적단불꽃 합류했다고 . .  ?어 제밥 공약도? 괜찮은? 이래서지금필사적인표정됨 ,0
32,2022-02-20 13:08:19+00:00,1495384823665291269,그래도 이재명 옆에는 남인순 의원과 추적단불꽃 박지현 씨가 있지만.. 윤석열 곁에는 이준석밖에 없다는 점에서,0
33,2022-02-20 06:12:01+00:00,1495280058222583810,추적단 불꽃 박지현이 킹메이커가 되느냐펨코왕자 이준석이 킹메이커가 되느냐 여자들 손에 달려있다 ,1
34,2022-02-20 05:57:05+00:00,1495276298159091712,정말 이 양반 믿어도 되나? 그냥 우리편 이명박 아니야? 하는 일말의 불안감이 계속 있었는데... 닷페 결국 출연하고 추적단불꽃 박지현님 함께하시는 거 보고 그래 함 믿고 찍어본다ㅋㅋㅋ 하게 됐다 나도,1
35,2022-02-20 05:23:15+00:00,1495267785886568448,"1. 윤과 이 좆되게 하기2. 문프의 안전 은퇴3. 추적단 불꽃 박지현씨 영입. 1,2만으로도 이재명 찍었겠지만 3 때문에 좀 더 안심하고 찍을 수 있게 됨. 윤석열이 펨코와 신남연에 올인할 때 보여준 이 행보로 최소한의 안전장치가 세워진 느낌.",0
36,2022-02-20 05:00:07+00:00,1495261963030765570,나도 이재명 페미 소굴 간거높이 인정. 추적단 불꽃 활동가 영입도 높이 인정.,1
37,2022-02-19 17:38:19+00:00,1495090384539877378,추적단불꽃 박지현씨도 세상 바꿔보겠다고 목숨 내놓고 나서는데 광장에서 촛불 들었던 그 시간 떠올리면서 우리보다 못한 인간들이 국민들을 지배하겠다고 나서는걸 순순히 지켜 보고있지 맙시다. 염원과 응원 질책의 메시지라도 민주당 캠프를 향해 보냅시다,0
38,2022-02-19 16:13:25+00:00,1495069015995465729,"   아니 전 기껏해야 ""박지현 선생 영입하면서 추적단 불꽃 활동 지지하던 랟들이 넘어간 건가...?"" 정도 추측만 하고 있었는데",1
39,2022-02-19 10:13:22+00:00,1494978407368900608,어떻게 추적단불꽃 활동가를 영입하고 여성의원을 토대로 여성정책을 내걸며 여성표를 얻으려는 후보와 남초집단 여혐을 정치화시킨 후보를 같다고 볼 수가 있음? 일단 이행을 안한다며 믿지 않는 건 그럴 수 있어도 공약을 내건 이상 여혐 대놓고 하겠다는 인간하고는 다르잖아요. ,1
40,2022-02-19 05:42:56+00:00,1494910352542531586,민주당에서 추적단 불꽃 활동가님을 모셔간걸 보면 이가 의지는 있는거같아 고민하고있음,1
41,2022-02-19 05:05:00+00:00,1494900804897370112,"한 쪽이 여가부폐지공약, 신남성연대지지, 무고죄강화, 페미는반헌법 발언 뱉을때한 쪽은 추적단불꽃 박지현님 영입, 디지털성범죄근절, 데이트폭력처벌강화 등정책이 확연히 차이가 나는데 둘다비호감이라고 ~쟤나얘나똑같아~양비론 하는건 맞잖음..여자도 전략투표로 뭉친단 걸 보여주자구요 ",0
42,2022-02-18 23:54:14+00:00,1494822597573607427,"양당구도에서 한쪽이 여혐공약 미친듯이 팬티벗고 하는데 걔가 유력후보야, 그래서 반대쪽이 이기려고 여성정책을 챙기려고 하기 시작했어(추적단불꽃 영입 등), 이 상황이 진짜 좆같게도 가장 여성의 힘을 인식시킬 수 있는 순간 아님? 평소엔 힘도 없어서 아무도 신경 안 쓰다가 인당 한표라는",0
43,2022-02-18 17:00:29+00:00,1494718472668200961,추적단 불꽃 활동가 박지현님 영입 이후로 여성들의 표심이 움직여서 이재명이 당선된다면 이번 대선의 결과는 여성의 승리로 읽힐겁니다 박지현님을 지키고 어렵게 만들어진 N번방 방지법도 지킵시다 ,1
44,2022-02-18 16:20:37+00:00,1494708442564808709,신변에 위협을 당하면서 계속 활동해온 불꽃 추적단 일원이 어떤 마음으로 더불어민주당에 들어갔을지 생각해보기를.,0
45,2022-02-18 10:05:03+00:00,1494613926897590275,"보여주기식이던지, 정책을 안지킬 수 있다던지 그 모든 건 당선 후 알 수 있는 거고..선거 전에 이런 보여주기식이라도 없는 사람이 윤석열입니다.불꽃추적단 박지현님 영입과 같이 최소한 여성인권은 보장해줄 수 있다고 생각해요.나락으로 보내버리려는 윤석열보다는요.전략적 투표 부탁드립니다ㅠ ",0
46,2022-02-18 09:30:07+00:00,1494605134059368453,이재명 오늘 페북&lt;버튼 하나로 인권을 살인하는 디지털 성범죄&gt;‘N번방’사건을 최초로 알린 ‘추적단 불꽃’ 박지현 활동가님도 디지털성범죄 특별위원장으로 선대위에 합류하셨습니다. 디지털 성범죄 대응 추진단 발족식에서 만난 이후 반년 만에 피해자원스톱지원센터가 설치됐다는 이야기를 하시며 ,1
47,2022-02-18 07:51:26+00:00,1494580302383304705,추적단 불꽃이 이재명팀에 있는데 이것말고 이유가 더 필요한가? ,1
48,2022-02-18 07:05:46+00:00,1494568808530718727,추적단 불꽃 성님들탈주각 잡혔니? ㅋㅋㅋ이재명 선대위 총괄특보단 텔레그램서 '음란물 소동' (출처 : 한국경제 | 네이버 뉴스) ,1
49,2022-02-18 06:32:46+00:00,1494560502512754688," 엔번방 방지법 폐지한다 할때 ""추적단 불꽃"" 여성분들 영입해서 엔번방 사건 앞으로도 잡을 거라고 했고요 ㅋㅋ",1
50,2022-02-18 06:06:40+00:00,1494553937331900417,"여성인권에 관심있는 사람들에게: 윤석열의 여성가족부 폐지 공약, 신남성연대 배인규 영입, 구조적 성차별 없다 발언이재명 n번방 밝힌 추적단불꽃 박지현 영입, 산부인과 명칭 변경 등 아래와 같은 여성 공약들 ",1
51,2022-02-18 05:44:12+00:00,1494548281468547073,#일베 #이재명 일베 이용자의 이재명 선대위에 대한 시각인데 '추적단 불꽃'에 관련된 시각도 나타났습니다. ,1
52,2022-02-18 05:26:48+00:00,1494543902589607936,추적단 불꽃응원합니다이 건에 대해 뉴스 1건 나온거보고진짜 피꺼솟합니다 기레기들 저짝에 붙어서 사람들 눈귀막귀하는거 미칠 지경이네요 ,1
53,2022-02-18 04:56:17+00:00,1494536224157028352,이런데도 윤과 이가 똑같다고 하는 사람들 좀 잘 봐라. 추적단 불꽃의 핵심 인력을 채용한 이랑 쉰남연과 결탁한 윤이 어떻게 같겠냐. 여성주의자라면서 구라치고 선동하지 좀 마라. ,0
54,2022-02-18 01:55:45+00:00,1494490789082447872,불꽃 추적단의 N번방 공론화엔 경의를 표합니다.정치를 이용 하겠다는 소신도 바람직하다고 생각 합니다그런데 정작 하는 소리가 이제 남녀 사이 좋게 지내요네요. 뭐 좋은 말입니다국힘 보좌관의 불법촬영 비판 좋습니다그런데 후보자 아들 문제는 안보이시나요?동호를 이용해 보시길 바랍니다,1
55,2022-02-18 01:42:43+00:00,1494487512202432512,"[세계일보] ""불법 촬영 혐의자가 불법 촬영 근절과 피해자 보호를 위해 일하는 여성가족부 폐지를 말한 것이 과연 우연의 일치인가"" - '추적단 불꽃' 박지현 민주당 디지털성범죄근절특별위원장▶️  ",1
56,2022-02-18 01:03:22+00:00,1494477607391604791,1프로 초박빙에 지금 부동층이 많은 2030 여자들 모이면 이재명 됨. 이재명의 여성영입인사는 박지현님으로 대표되는데 펨코남신 이준석이 킹메이커가 되느냐 추적단불꽃 박지현님이 킹메이커가 되느냐는 여자들의 손에 달렸음.,0
57,2022-02-17 16:20:21+00:00,1494345985392537600,추적단 불꽃의 '불'이 이재명 캠프의 디지털성범죄근절특별위원장이 되셨다. 응원합니다! ,1
58,2022-02-17 16:16:22+00:00,1494344985289768960,"이재명 후보는 추적단불꽃과 간담회를 가진 뒤 6개월 만에 디지털성범죄피해자 원스톱지원센터를 만든 후보입니다.(전국의 광역별 지원센터를 만드는 것이 대선 공약입니다.) 차별금지법에 공감하고, 건강가정기본법 개정에 '법과 제도는 어떤 경우에도 차별받고 소외되는 사람이 없게 해야 한다'는",0
59,2022-02-17 15:40:04+00:00,1494335847306776576,시발 내가 이재명을 지지하게 만드네....어메이징 코리아...그치만 추적단 불꽃 출신 박지현 씨 영입 후 전면에 세운 이재명이 망하면...여성유권자 지금도 홀대하는데 이 다음엔 누가 신경이나 쓰겠냐고 (물론 쓴다해봤자^^... 얼마나 나아지겠나 싶지만 퇴보보단 낫잖아,0
60,2022-02-17 15:19:16+00:00,1494330615306813441,추적단 불꽃의 박지현 정치인으로서의 박지현을 응원합니다,1
61,2022-02-17 15:16:10+00:00,1494329834381611012,추적단 불꽃 박지현 위원장 유세 ,1
62,2022-02-17 14:43:31+00:00,1494321615949033479, 그리고 페미니스트들이면 이재명이 아닌 추적단 불꽃보고 마음 바뀐사람들 많을텐데 거기엔 별관심없음? N번방으로 얼마나 많은 여자아이들이 성착취를 당하고 웰컴투비디오로 얼마나 많은 아동들이 사라졌는지 알긴함? 미투운동 비웃는 김건희를 보고 여자들이 연대가 가능하다고 생각함?,1
63,2022-02-17 12:30:02+00:00,1494288024426795010,여당 쪽 라떼 고인물 아저씨들 제발 입 좀 조신하게 오무리고 대신 추적단 불꽃 박지현 님이나 권인숙 의원 같은 분들이 주요 스피커로 활약했으면 좋겠다.,0
64,2022-02-17 12:25:25+00:00,1494286865431920641,"갑자기 윤석열 지키지도 않을 여성정책 들고 오는 거 보니 이제 좀 쫄리나보네요. 여성 여러분 이재명 뽑아주세요.근거, n번방 불꽃추적단 박지현님 선관위 임명, 윤석열은 신남성연대 성평등 임명(전효성님 및 여성연예인 다수 성희롱,  혜화역 낙태죄 폐지 조롱, 가정폭력전과, 디지털 성범죄 다수) ",1
65,2022-02-17 11:49:11+00:00,1494277746574655495,추적단불꽃 박지현님과 권인숙 의원님을 지지합니다.,1
66,2022-02-17 11:06:39+00:00,1494267039825166337,"여가부 폐지를 핵심공약으로 하고 더해서 성범죄 무고죄 강화,페미는 반헌법적이라는 새끼랑 N번방 추적단 불꽃 박지현님 영입하고 여성공약 구체적으로 촘촘하게 잘 내고있고 공약에 대한 의지도 추진력도 있는 사람두고서 쟤나 얘나 똑같아 하면서 양비론 펼치는 사람 대가리 존나 꽝꽝 내려치고싶다 ",0
67,2022-02-17 10:27:47+00:00,1494257259161210882," 고민되시는 분들 여러가지 걸리는 게 있으시겠지만.. 그래도 하나둘 비교 해주세요.. 이재명- 불꽃추적단 박지현님 선대위 합류, 윤석열- 신남성연대 배인규 합류(학폭, 가정폭력 전과, 여자연예인 성희롱 및 집단 악플 작업 등). 제발 부탁드립니다. 한쪽은 그냥 지옥행이에요..",1
68,2022-02-17 10:27:45+00:00,1494257253427597312,근데 나 원래 이 생각 없었거든? 근데 불꽃추적단 대표 중에 한 분이 이 캠프 들어가서 나 지금 좀 고민 됨,0
69,2022-02-17 10:01:16+00:00,1494250589219614728,"이준석 말에 꼼짝 못하고 시둥이랑 배인규가 있는 신남성연대랑 결탁하고 신지예 영입하려 했다가 ""이대남코인""개같이 떡락하니까 손절한 윤석열이랑 추적단 불꽃이랑 손잡은 이재명이 어떻게 동급일 수가 있지?",0
70,2022-02-17 08:41:25+00:00,1494230494371745792,난 이분을 응원하고 싶음여성 둘이서 '추적단불꽃'으로 활동하며 n번방 사건의 진실을 파헤치신 분인데 이렇게 얼굴과 실명을 공개하면서 여성인권에 힘쓰려고 하는게...당이 어떻든 그저 응원하고 싶다 ,1
71,2022-02-17 08:37:06+00:00,1494229405803376641,"RT  &lt;추적단 불꽃&gt;의 '불', 민주당 선대위 합류... ""국힘 승리하면 여성의 미래 어려워"" #추적단불꽃 #이재명 #권인숙 #박지현 #여성위원회 이주연 기자 ",0
72,2022-02-17 08:16:51+00:00,1494224310604820481,대박. '추적단 불꽃' 박지현 디지털성범죄근절특위 위원장이 여성신체 불법촬영 혐의 권성동 의원 보좌관 및 윤석열 후보 및 국민의힘 팩트로 혼내고 기자회견으로 공론화하는 영상 같이 보실게요. ,1
73,2022-02-17 07:26:19+00:00,1494211593919676416,"제가 추적단불꽃으로 활동하며 봐온 불법촬영물만 수천 수만 개에 이릅니다. 그 영상을 볼 때 마다 수많은 피해자들을 보며 괴로웠고, 한편으로 나도 어디서 찍히지 않았을까, 불안해했습니다. 이렇게 일상이 불안한 여성들의 심정을 과연 조금이라도 이해할까요?",1
74,2022-02-17 07:25:09+00:00,1494211299513094146,저는 얼마 전까지 ‘n번방’ 사건을 최초로 고발한 활동가이자 기자인 ‘추적단 불꽃’으로 활동해왔습니다. 불법촬영과 같은 디지털성범죄의 끔찍함을 두 눈으로 매일같이 지켜 봐왔습니다.,1
75,2022-02-17 07:10:42+00:00,1494207662426562565,페미니즘이 위헌이라는 윤석열 vs 추적단불꽃님 박지현님과 함께 일하는 이재명무조건 후자를 뽑아야 한다!#이재명 #윤석열 #페미니즘 #추적단불꽃,1
76,2022-02-17 06:59:03+00:00,1494204731241099266,[사사건건] 추적단 ‘불꽃’ 활동가 민주당 입당? “성범죄 근절 위해 정치 이용하는 것” ,1
77,2022-02-17 05:57:25+00:00,1494189221569253377,찢재명 개싫은데 당장 한달안에 윤석열 꺾을 수 있는 후보는 이재명밖에 없는 걸 왜 모르는건지 찢재명이나 윤석열이나~라고 생각할 수 있겠지만 윤석열은 지금 페미니즘은 반헌접적 사상이라 하고있고 이재명은 페미니스트 눈치보면서 추적단 불꽃 영입하고 딥페이크 가해자 처벌공약거는데,1
78,2022-02-17 05:25:38+00:00,1494181221311549441,"""민주당, 권력형 성범죄 반성해야 여성 표심 돌아온다""추적단 불꽃 활동가, 박지현 님 인터뷰 읽어주시면 좋겠습니다  ",1
79,2022-02-17 02:20:51+00:00,1494134720497860609, 연대합니다 추적단 불꽃이 밝히는 길을 보자면 우리 모두가 나아갈 수 있는 길이라 생각하게 됩니다 화이팅!!!,1
0,2022-02-16 14:26:48+00:00,1493955022685892608, 추적단불꽃 지지합니다!!!,1
1,2022-02-16 14:13:34+00:00,1493951693922263040, 추적단 불꽃 응원합니다!!!!!,1
2,2022-02-16 12:30:55+00:00,1493925861451395075,추적단불꽃 박지현님이 있는 이재명 후보를 찍어주세요 ,1
3,2022-02-16 12:30:14+00:00,1493925687685971968,"안녕하세요! 추적단불꽃입니다.추적단불꽃은 재정비 후, 3월 8일 여성의 날에 돌아오겠습니다. 새로운 소식과 함께요.그 전까지 인스타그램 등 SNS로 간간이 활동 소식 전하도록 할게요. 계속해서 추적단불꽃의 길을 지켜봐 주세요!🔥 ",1
4,2022-02-16 12:12:44+00:00,1493921285285429248,"텔레그램 가해자들이 추적단 불꽃 박지현씨를 딥페이크 하려고  마스크 벗은 사진을 구하려 혈안이라고...하지만 딥페이크는 악랄한 범죄행위이며, 반드시 근절시켜야 한다. 한편 나라가 디비진다. 💀국정원 해킹사건(빨간 마티즈)에 연루된 서훈(국가안보실장)이 곧 체포되며 제거된다. 많관부!",0
5,2022-02-16 10:28:49+00:00,1493895131128209413,이거 추적단 불꽃 활동 알려졌을 때부터 그랬어요... 몇 년 전부터 계속 이런 위협을 당하셨다는거ㅠㅠ ,1
6,2022-02-16 04:42:51+00:00,1493808067288649729,헉 추적단 불꽃 언제 얼굴 공개하셧엇어?… 위험하시지 않나 ㅜㅜ,1
7,2022-02-16 04:36:42+00:00,1493806518516338695,텔레그램 가해자들이 추적단 불꽃 박지현씨 마스크 벗은 사진을 구하러 다닌다고... 딥페이크 합성하려고... 저는 진심 얘들을 죽이고 싶어요...,1
8,2022-02-16 04:36:26+00:00,1493806450446983168,"이 후보의 정치 철학이 '인간이 삶을 영위하는 데 있어서 최소한으로 누릴 것들은 누려야 한다'라고 생각한다. 최소한의 행복을 보장해야 한다는 것인데, 그 정치 철학에 공감한다. 인터뷰 중RT  &lt;추적단 불꽃&gt;의 '불', 민주당 선대위 합류... ",1
9,2022-02-16 04:19:47+00:00,1493802260778057729,[사사건건] 추적단 ‘불꽃’ 활동가 민주당 입당? “성범죄 근절 위해 정치 이용하는 것” ,1
10,2022-02-16 03:26:42+00:00,1493788905174286337,"주변에서 고민하는 여성분들 계시다면 추적단 불꽃의 박지현씨가 이재명 선대위에 합류한 것도 꼭 알려주세요. N번방은 알아도, 추적단 불꽃의 존재와 활약에 대해서는 모르시는 분들이 많습니다. 한남 기레기들이 기자도 아닌 기자지망 젊은 여자들이 알린 게 아니꼬왔는지 보도를 존나 안해줬거든요. ",1
11,2022-02-16 03:05:53+00:00,1493783663183806466,추적단 불꽃 박지현 위원장의 호소와 함께 이재명 후보 젠더폭력 근절 정책공약 및 여성가족 공약에 주목해 주세요. ,0
12,2022-02-16 01:43:41+00:00,1493762978109603841,불꽃추적단 멤버 분 영입이 난 가장 컸던것같음 후보가 아니라 옆에서 일하는 사람들이 열심히 일할 수 있음 좋겠는데심란함,1
13,2022-02-15 15:44:01+00:00,1493612069249499139,"‘우리가 우리를 우리라고 부를 때’를 뒤 늦게 읽고 있는데 정말 피가 끓다 못해 차갑게 식는 중. 아직까지 현재 진행형이라는 점에서 더 화가 나고 답답해 미쳐버릴 것 같다. 대체 한국 사회에서 언제쯤 여성이 사람이 될 수 있을지 회의감이 들면서도, 추적단 불꽃과 수 많은 여성들이 있기에 언젠가 ",0
14,2022-02-15 04:16:25+00:00,1493439027663749122,"추적단 불꽃 활동 여의도에서 이어가는 박지현 위원장, 응원합니다!!! ",1
15,2022-02-14 01:46:09+00:00,1493038821633839104,"추적단불꽃의 불인 박지현님이 1월 28일부터 이재명캠프 합류했는데, 지금까지 전혀 알지 못한 제 자신을 반성합니다. ~,.~...",1
16,2022-02-13 22:46:55+00:00,1492993718554886144,"2030여성·합리적 보수·친문비이.. 이재명, '살라미 전술'로 부동층 공략한다  이 후보의 해법은 청년 여성 아우르기다. 윤 후보의 ‘성별 갈라치기’에 맞서는 대안이다. 그는 9일 ‘n번방’ 사건을 세상에 알린 ‘추적단 불꽃’과 만나 여성들이 중히 여기는 디지털 성범죄 근절을",0
17,2022-02-13 22:42:34+00:00,1492992623078158338,N번방 추적단 불꽃 활동가 박지현씨를 만나다 ① 20대 여성이 바라본 '젠더갈등'N번방 추적단 불꽃 활동가 박지현씨를 만나다 ② 정치는 분열조장 아닌 갈등조정박지현님 인터뷰 기사.,1
18,2022-02-13 17:03:44+00:00,1492907353884471298,제가 이건 좀 심각한거 같다고 과몰입한 시점이 추적단 불꽃이 취재한 bdsm 피해자들 기사를 읽은 뒤인데 실제로 성범죄를 당한 성향자들은 사회적 시선이 두려워서 플레이 도중에 성범…다음은 질문 상자에  ,0
19,2022-02-13 14:39:00+00:00,1492870931626487810,추적단불꽃 새 로고 진짜 멋있다,1
20,2022-02-11 23:27:06+00:00,1492279053927075840,대선한달남았어요 그 사이에 윤석열 지지도 얼마나 떨어트릴수있을까요 산천지나 여론조작에 떨어질 지지율이었으면 진작에 떨어졌어요. 결국 진보쪽만 표갈라먹다가 트럼프가 대통령된 미국꼴 나는겁니다.적어도 눈치보는 대통령을 세웁시다. 이 저 싫어해요. 왜 추적단 불꽃에서 민주당 합류했을까,1
21,2022-02-10 11:38:17+00:00,1491738286435729409,〈추적단 불꽃〉 박지현 활동가와의 토크콘서트 - 이재명 후보 젠더폭력 공약 언박싱  - ,1
22,2022-02-10 03:11:45+00:00,1491610812925898752,인스타에 박지현씨의 영입에 따른 이재명 지지선언을 했다. 민주당에서 여성주의자들의 입지가 커지길 바라며.참고로 박지현씨 인스타 하십니다. 인스타에서 박지현씨 응원하는 피드 올리실 때 힘내라고 태그 한번씩 해주세요!추적단 불꽃의 박지현씨 인스타그램은 이쪽,1
23,2022-02-10 01:35:05+00:00,1491586487900508163,"작금의 현실에서 추적단 불꽃 영입하고 대담도 하는건 잘했다고 생각하고, 그 뭐냐 '트페미' 표 얻으려면 그 부분이랑 그 놈의 '실질적으로 도움되는 공약'을 집중적으로 내세워야 하는데 이 와중에 '안희정 개인팬'이 어쩌니 하는 양반들이 있으면 좀 쁘락치 같은걸로 의심해봐야하는거 아닌지?",0
